Campaign,Type,Ware,Number
SLP-2005,VAR,-0,1
SLP-2005,STO,-0,1
SLP-2005,STO,-0,1
SLP-2005,STO,-0,1
SLP-2005,STO,-0,4
SLP-2005,STO,-0,1
SLP-2005,STO,-0,1
SLP-2005,STO,-0,1
SLP-2005,STO,-0,2
SLP-2005,STO,-0,1
SLP-2005,STO,-0,2
SLP-2005,VAR,-0,1
SLP-2005,VAR,-0,1
SLP-2005,STO,-0,1
SLP-2005,STO,-0,1
SLP-2005,STO,-0,2
SLP-2005,STO,-0,1
SLP-2005,MET,-0,1
SLP-2005,CER,-0,1
SLP-2005,CER,-0,2
SLP-2005,GLA,-0,1
SLP-2005,GLA,-0,1
SLP-2005,STO,-0,3
SLP-2005,STO,-0,1
SLP-2005,STO,-0,2
SLP-2005,STO,-0,1
SLP-2005,STO,-0,1
SLP-2005,STO,-0,1
SLP-2005,STO,-0,2
SLP-2005,STO,-0,1
SLP-2005,STO,-0,1
SLP-2005,VAR,-0,1
SLP-2005,VAR,-0,3
SLP-2005,STO,-0,1
SLP-2005,STO,-0,1
SLP-2005,CER,ARS,1
SLP-2005,CER,ARS,1
SLP-2005,CER,ARS,1
SLP-2005,CER,ARS,1
SLP-2005,CER,ARS,1
SLP-2005,CER,ARS,1
SLP-2005,CER,ARS,1
SLP-2005,CER,ARS,1
SLP-2005,CER,ARS,1
SLP-2005,CER,ARS,1
SLP-2005,CER,ARS,1
SLP-2005,CER,ARS,1
SLP-2005,CER,ARS,1
SLP-2005,CER,ARS,1
SLP-2005,CER,ARS,1
SLP-2005,CER,ARS,1
SLP-2005,CER,ARS,2
SLP-2005,CER,ARS,1
SLP-2005,CER,ARS,1
SLP-2005,CER,ARS,1
SLP-2005,CER,ARS,1
SLP-2005,CER,ARS,4
SLP-2005,CER,ARS,1
SLP-2005,CER,AU,1
SLP-2005,CER,AU,1
SLP-2005,CER,AU,1
SLP-2005,CER,AU,1
SLP-2005,CER,BG,1
SLP-2005,CER,BG,3
SLP-2005,CER,BG,2
SLP-2005,CER,BG,1
SLP-2005,CER,BG,1
SLP-2005,CER,BG,1
SLP-2005,CER,BG,1
SLP-2005,CER,BG,1
SLP-2005,CER,BG,1
SLP-2005,CER,BG,1
SLP-2005,CER,BG,1
SLP-2005,CER,BG,1
SLP-2005,CER,BG,1
SLP-2005,CER,BG,1
SLP-2005,CER,BG,1
SLP-2005,CER,BG,1
SLP-2005,CER,BG,1
SLP-2005,CER,BG,1
SLP-2005,CER,BG,1
SLP-2005,CER,BG,1
SLP-2005,CER,BG,2
SLP-2005,CER,BG,1
SLP-2005,CER,BG,1
SLP-2005,CER,BG,1
SLP-2005,CER,BG,1
SLP-2005,CER,BG,1
SLP-2005,CER,BG,1
SLP-2005,CER,BG,2
SLP-2005,CER,BG,2
SLP-2005,CER,BG,3
SLP-2005,CER,BG,1
SLP-2005,CER,BG,1
SLP-2005,CER,BG,1
SLP-2005,CER,BG,1
SLP-2005,CER,BG,1
SLP-2005,CER,BG,1
SLP-2005,CER,BG,1
SLP-2005,CER,BG,1
SLP-2005,CER,BG,3
SLP-2005,CER,BG,1
SLP-2005,CER,BG,1
SLP-2005,CER,BG,1
SLP-2005,CER,BG,1
SLP-2005,CER,BG,1
SLP-2005,CER,BG,1
SLP-2005,CER,BG,1
SLP-2005,CER,BG,1
SLP-2005,CER,BG,1
SLP-2005,CER,BG,1
SLP-2005,CER,BG,1
SLP-2005,CER,BG,1
SLP-2005,CER,BG,1
SLP-2005,CER,BG,1
SLP-2005,CER,BG,1
SLP-2005,CER,BG,1
SLP-2005,CER,BG,1
SLP-2005,CER,BG,1
SLP-2005,CER,BG,1
SLP-2005,CER,BG,1
SLP-2005,CER,BG,1
SLP-2005,CER,BG,1
SLP-2005,CER,BG,1
SLP-2005,CER,BG,1
SLP-2005,CER,BG,1
SLP-2005,CER,BG,1
SLP-2005,CER,BG,1
SLP-2005,CER,BG,1
SLP-2005,CER,BG,1
SLP-2005,CER,BG,1
SLP-2005,CER,BG,1
SLP-2005,CER,BG,1
SLP-2005,CER,BG,3
SLP-2005,CER,BG,1
SLP-2005,CER,BG,1
SLP-2005,CER,BG,1
SLP-2005,CER,BG,1
SLP-2005,CER,BG,1
SLP-2005,CER,BG,1
SLP-2005,CER,BG,1
SLP-2005,CER,BG,1
SLP-2005,CER,BG,1
SLP-2005,CER,BG,1
SLP-2005,CER,BG,1
SLP-2005,CER,BG,1
SLP-2005,CER,BG,1
SLP-2005,CER,BG,1
SLP-2005,CER,BG,1
SLP-2005,CER,BG,1
SLP-2005,CER,BG,2
SLP-2005,CER,BG,1
SLP-2005,CER,BG,1
SLP-2005,CER,BG,1
SLP-2005,CER,BG,1
SLP-2005,CER,BG,1
SLP-2005,CER,BG,1
SLP-2005,CER,BG,1
SLP-2005,CER,BG,1
SLP-2005,CER,BG,1
SLP-2005,CER,BG,1
SLP-2005,CER,BG,1
SLP-2005,CER,BG,1
SLP-2005,CER,BG,2
SLP-2005,CER,BG,1
SLP-2005,CER,BG,1
SLP-2005,CER,BG,1
SLP-2005,CER,BG,1
SLP-2005,CER,CC,1
SLP-2005,CER,CC,1
SLP-2005,CER,CC,1
SLP-2005,CER,CC,1
SLP-2005,CER,CC,3
SLP-2005,CER,CC,1
SLP-2005,CER,CC,1
SLP-2005,CER,CC,1
SLP-2005,CER,CP,1
SLP-2005,CER,CP,1
SLP-2005,CER,CP,3
SLP-2005,CER,CW,1
SLP-2005,CER,CW,3
SLP-2005,CER,CW,2
SLP-2005,CER,CW1,1
SLP-2005,CER,CW1,3
SLP-2005,CER,CW1,4
SLP-2005,CER,CW1,9
SLP-2005,CER,CW1,3
SLP-2005,CER,CW1,10
SLP-2005,CER,CW1,10
SLP-2005,CER,CW1,2
SLP-2005,CER,CW1,5
SLP-2005,CER,CW1,1
SLP-2005,CER,CW1,1
SLP-2005,CER,CW1,1
SLP-2005,CER,CW1,3
SLP-2005,CER,CW1,1
SLP-2005,CER,CW1,1
SLP-2005,CER,CW1,1
SLP-2005,CER,CW1,1
SLP-2005,CER,CW1,1
SLP-2005,CER,CW1,2
SLP-2005,CER,CW1,1
SLP-2005,CER,CW1,6
SLP-2005,CER,CW1,6
SLP-2005,CER,CW1,6
SLP-2005,CER,CW1,1
SLP-2005,CER,CW1,2
SLP-2005,CER,CW1,1
SLP-2005,CER,CW1,1
SLP-2005,CER,CW1,1
SLP-2005,CER,CW1,1
SLP-2005,CER,CW1,1
SLP-2005,CER,CW1,2
SLP-2005,CER,CW1,1
SLP-2005,CER,CW1,2
SLP-2005,CER,CW1,4
SLP-2005,CER,CW1,2
SLP-2005,CER,CW1,1
SLP-2005,CER,CW1,1
SLP-2005,CER,CW1,1
SLP-2005,CER,CW1,4
SLP-2005,CER,CW1,1
SLP-2005,CER,CW1,3
SLP-2005,CER,CW1,1
SLP-2005,CER,CW1,1
SLP-2005,CER,CW1,1
SLP-2005,CER,CW1,2
SLP-2005,CER,CW1,1
SLP-2005,CER,CW1,1
SLP-2005,CER,CW1,1
SLP-2005,CER,CW1,1
SLP-2005,CER,CW1,1
SLP-2005,CER,CW1,1
SLP-2005,CER,CW1,1
SLP-2005,CER,CW1,3
SLP-2005,CER,CW1,1
SLP-2005,CER,CW1,5
SLP-2005,CER,CW1,2
SLP-2005,CER,CW1,1
SLP-2005,CER,CW1,3
SLP-2005,CER,CW1,2
SLP-2005,CER,CW1,5
SLP-2005,CER,CW1,2
SLP-2005,CER,CW1,1
SLP-2005,CER,CW1,1
SLP-2005,CER,CW1,1
SLP-2005,CER,CW1,3
SLP-2005,CER,CW1,1
SLP-2005,CER,CW1,1
SLP-2005,CER,CW1,1
SLP-2005,CER,CW1,2
SLP-2005,CER,CW1,1
SLP-2005,CER,CW1,1
SLP-2005,CER,CW1,1
SLP-2005,CER,CW1,1
SLP-2005,CER,CW1,14
SLP-2005,CER,CW1,2
SLP-2005,CER,CW1,1
SLP-2005,CER,CW1,5
SLP-2005,CER,CW1,2
SLP-2005,CER,CW1,1
SLP-2005,CER,CW1,1
SLP-2005,CER,CW1,1
SLP-2005,CER,CW1,1
SLP-2005,CER,CW1,13
SLP-2005,CER,CW1,2
SLP-2005,CER,CW1,2
SLP-2005,CER,CW1,3
SLP-2005,CER,CW1,4
SLP-2005,CER,CW1,2
SLP-2005,CER,CW1,4
SLP-2005,CER,CW1,6
SLP-2005,CER,CW1,1
SLP-2005,CER,CW1,2
SLP-2005,CER,CW1,4
SLP-2005,CER,CW1,1
SLP-2005,CER,CW1,2
SLP-2005,CER,CW1,6
SLP-2005,CER,CW1,1
SLP-2005,CER,CW1,5
SLP-2005,CER,CW1,1
SLP-2005,CER,CW1,4
SLP-2005,CER,CW1,2
SLP-2005,CER,CW1,1
SLP-2005,CER,CW1,4
SLP-2005,CER,CW1,3
SLP-2005,CER,CW1,3
SLP-2005,CER,CW1,3
SLP-2005,CER,CW1,7
SLP-2005,CER,CW1,1
SLP-2005,CER,CW1,1
SLP-2005,CER,CW1,2
SLP-2005,CER,CW1,3
SLP-2005,CER,CW1,4
SLP-2005,CER,CW1,1
SLP-2005,CER,CW1,1
SLP-2005,CER,CW1,1
SLP-2005,CER,CW1,1
SLP-2005,CER,CW1,8
SLP-2005,CER,CW1,1
SLP-2005,CER,CW1,1
SLP-2005,CER,CW1,1
SLP-2005,CER,CW1,1
SLP-2005,CER,CW1,1
SLP-2005,CER,CW1,1
SLP-2005,CER,CW1,1
SLP-2005,CER,CW1,1
SLP-2005,CER,CW1,1
SLP-2005,CER,CW1,1
SLP-2005,CER,CW1,1
SLP-2005,CER,CW1,1
SLP-2005,CER,CW1,1
SLP-2005,CER,CW1,1
SLP-2005,CER,CW1,1
SLP-2005,CER,CW1,1
SLP-2005,CER,CW1,1
SLP-2005,CER,CW1,12
SLP-2005,CER,CW1,1
SLP-2005,CER,CW1,1
SLP-2005,CER,CW1,1
SLP-2005,CER,CW1,1
SLP-2005,CER,CW1,1
SLP-2005,CER,CW1,1
SLP-2005,CER,CW1,1
SLP-2005,CER,CW1,1
SLP-2005,CER,CW1,1
SLP-2005,CER,CW1,1
SLP-2005,CER,CW1,1
SLP-2005,CER,CW1,1
SLP-2005,CER,CW1,1
SLP-2005,CER,CW1,1
SLP-2005,CER,CW1,1
SLP-2005,CER,CW1,1
SLP-2005,CER,CW1,1
SLP-2005,CER,CW1,1
SLP-2005,CER,CW1,1
SLP-2005,CER,CW1,1
SLP-2005,CER,CW1,1
SLP-2005,CER,CW1,1
SLP-2005,CER,CW1,1
SLP-2005,CER,CW1,1
SLP-2005,CER,CW1,1
SLP-2005,CER,CW1,1
SLP-2005,CER,CW1,1
SLP-2005,CER,CW1,1
SLP-2005,CER,CW1,1
SLP-2005,CER,CW1,1
SLP-2005,CER,CW1,1
SLP-2005,CER,CW1,1
SLP-2005,CER,CW1,1
SLP-2005,CER,CW1,1
SLP-2005,CER,CW1,1
SLP-2005,CER,CW1,1
SLP-2005,CER,CW1,1
SLP-2005,CER,CW1,1
SLP-2005,CER,CW1,2
SLP-2005,CER,CW1,8
SLP-2005,CER,CW1,1
SLP-2005,CER,CW1,2
SLP-2005,CER,CW1,12
SLP-2005,CER,CW1,3
SLP-2005,CER,CW1,3
SLP-2005,CER,CW1,1
SLP-2005,CER,CW1,1
SLP-2005,CER,CW1,1
SLP-2005,CER,CW1,1
SLP-2005,CER,CW1,1
SLP-2005,CER,CW1,1
SLP-2005,CER,CW1,1
SLP-2005,CER,CW1,3
SLP-2005,CER,CW1,2
SLP-2005,CER,CW1,1
SLP-2005,CER,CW1,1
SLP-2005,CER,CW1,4
SLP-2005,CER,CW1,9
SLP-2005,CER,CW1,1
SLP-2005,CER,CW1,1
SLP-2005,CER,CW1,4
SLP-2005,CER,CW1,1
SLP-2005,CER,CW1,5
SLP-2005,CER,CW1,1
SLP-2005,CER,CW1,1
SLP-2005,CER,CW1,1
SLP-2005,CER,CW1,1
SLP-2005,CER,CW1,1
SLP-2005,CER,CW1,1
SLP-2005,CER,CW1,3
SLP-2005,CER,CW1,1
SLP-2005,CER,CW1,4
SLP-2005,CER,CW1,2
SLP-2005,CER,CW1,5
SLP-2005,CER,CW1,10
SLP-2005,CER,CW1,3
SLP-2005,CER,CW1,1
SLP-2005,CER,CW1,6
SLP-2005,CER,CW1,11
SLP-2005,CER,CW1,9
SLP-2005,CER,CW1,1
SLP-2005,CER,CW1,1
SLP-2005,CER,CW1,1
SLP-2005,CER,CW1,1
SLP-2005,CER,CW1,1
SLP-2005,CER,CW1,1
SLP-2005,CER,CW1,1
SLP-2005,CER,CW1,1
SLP-2005,CER,CW1,1
SLP-2005,CER,CW1,1
SLP-2005,CER,CW1,1
SLP-2005,CER,CW1,1
SLP-2005,CER,CW1,1
SLP-2005,CER,CW1,1
SLP-2005,CER,CW1,1
SLP-2005,CER,CW1,1
SLP-2005,CER,CW1,1
SLP-2005,CER,CW1,1
SLP-2005,CER,CW1,1
SLP-2005,CER,CW1,1
SLP-2005,CER,CW1,1
SLP-2005,CER,CW1,1
SLP-2005,CER,CW1,1
SLP-2005,CER,CW1,2
SLP-2005,CER,CW1,4
SLP-2005,CER,CW1,7
SLP-2005,CER,CW1,1
SLP-2005,CER,CW1,1
SLP-2005,CER,CW1,9
SLP-2005,CER,CW1,4
SLP-2005,CER,CW1,7
SLP-2005,CER,CW1,2
SLP-2005,CER,CW1,3
SLP-2005,CER,CW1,3
SLP-2005,CER,CW1,1
SLP-2005,CER,CW1,1
SLP-2005,CER,CW1,1
SLP-2005,CER,CW1,1
SLP-2005,CER,CW1,1
SLP-2005,CER,CW1,1
SLP-2005,CER,CW1,1
SLP-2005,CER,CW1,1
SLP-2005,CER,CW1,1
SLP-2005,CER,CW1,1
SLP-2005,CER,CW1,1
SLP-2005,CER,CW1,1
SLP-2005,CER,CW1,4
SLP-2005,CER,CW1,1
SLP-2005,CER,CW1,1
SLP-2005,CER,CW1,4
SLP-2005,CER,CW1,1
SLP-2005,CER,CW1,4
SLP-2005,CER,CW1,1
SLP-2005,CER,CW1,1
SLP-2005,CER,CW1,1
SLP-2005,CER,CW1,1
SLP-2005,CER,CW1,1
SLP-2005,CER,CW1,4
SLP-2005,CER,CW1,1
SLP-2005,CER,CW1,2
SLP-2005,CER,CW1,1
SLP-2005,CER,CW1,1
SLP-2005,CER,CW1,2
SLP-2005,CER,CW1,3
SLP-2005,CER,CW1,12
SLP-2005,CER,CW1,2
SLP-2005,CER,CW1,3
SLP-2005,CER,CW1,1
SLP-2005,CER,CW1,1
SLP-2005,CER,CW1,1
SLP-2005,CER,CW1,1
SLP-2005,CER,CW1,1
SLP-2005,CER,CW1,1
SLP-2005,CER,CW1,1
SLP-2005,CER,CW1,1
SLP-2005,CER,CW1,2
SLP-2005,CER,CW1,3
SLP-2005,CER,CW1,6
SLP-2005,CER,CW1,1
SLP-2005,CER,CW1,1
SLP-2005,CER,CW1,1
SLP-2005,CER,CW1,2
SLP-2005,CER,CW1,1
SLP-2005,CER,CW1,1
SLP-2005,CER,CW1,1
SLP-2005,CER,CW1,1
SLP-2005,CER,CW1,1
SLP-2005,CER,CW1,2
SLP-2005,CER,CW1,2
SLP-2005,CER,CW1,2
SLP-2005,CER,CW1,1
SLP-2005,CER,CW1,1
SLP-2005,CER,CW1,3
SLP-2005,CER,CW1,1
SLP-2005,CER,CW1,1
SLP-2005,CER,CW1,1
SLP-2005,CER,CW1,1
SLP-2005,CER,CW1,1
SLP-2005,CER,CW1,2
SLP-2005,CER,CW1,2
SLP-2005,CER,CW1,1
SLP-2005,CER,CW1,5
SLP-2005,CER,CW1,7
SLP-2005,CER,CW1,11
SLP-2005,CER,CW1,3
SLP-2005,CER,CW1,11
SLP-2005,CER,CW1,6
SLP-2005,CER,CW1,2
SLP-2005,CER,CW1,1
SLP-2005,CER,CW1,6
SLP-2005,CER,CW1,1
SLP-2005,CER,CW1,1
SLP-2005,CER,CW1,2
SLP-2005,CER,CW1,1
SLP-2005,CER,CW1,5
SLP-2005,CER,CW1,1
SLP-2005,CER,CW1,2
SLP-2005,CER,CW1,5
SLP-2005,CER,CW1,2
SLP-2005,CER,CW1,3
SLP-2005,CER,CW1,3
SLP-2005,CER,CW1,3
SLP-2005,CER,CW1,2
SLP-2005,CER,CW1,3
SLP-2005,CER,CW1,2
SLP-2005,CER,CW1,7
SLP-2005,CER,CW1,1
SLP-2005,CER,CW1,2
SLP-2005,CER,CW1,3
SLP-2005,CER,CW1,4
SLP-2005,CER,CW1,3
SLP-2005,CER,CW1,2
SLP-2005,CER,CW1,17
SLP-2005,CER,CW1,3
SLP-2005,CER,CW1,5
SLP-2005,CER,CW1,1
SLP-2005,CER,CW1,1
SLP-2005,CER,CW1,2
SLP-2005,CER,CW1,1
SLP-2005,CER,CW1,1
SLP-2005,CER,CW1,1
SLP-2005,CER,CW1,1
SLP-2005,CER,CW1,1
SLP-2005,CER,CW1,1
SLP-2005,CER,CW1,1
SLP-2005,CER,CW1,3
SLP-2005,CER,CW1,1
SLP-2005,CER,CW1,1
SLP-2005,CER,CW1,2
SLP-2005,CER,CW1,1
SLP-2005,CER,CW1,1
SLP-2005,CER,CW1,1
SLP-2005,CER,CW1,1
SLP-2005,CER,CW1,1
SLP-2005,CER,CW1,1
SLP-2005,CER,CW1,1
SLP-2005,CER,CW1,1
SLP-2005,CER,CW1,1
SLP-2005,CER,CW1,1
SLP-2005,CER,CW1,1
SLP-2005,CER,CW1,1
SLP-2005,CER,CW1,1
SLP-2005,CER,CW1,1
SLP-2005,CER,CW1,9
SLP-2005,CER,CW1,2
SLP-2005,CER,CW1,7
SLP-2005,CER,CW1,1
SLP-2005,CER,CW1,3
SLP-2005,CER,CW1,4
SLP-2005,CER,CW1,1
SLP-2005,CER,CW1,6
SLP-2005,CER,CW1,1
SLP-2005,CER,CW1,1
SLP-2005,CER,CW1,2
SLP-2005,CER,CW1,1
SLP-2005,CER,CW1,3
SLP-2005,CER,CW1,1
SLP-2005,CER,CW1,5
SLP-2005,CER,CW1,7
SLP-2005,CER,CW1,8
SLP-2005,CER,CW1,4
SLP-2005,CER,CW1,4
SLP-2005,CER,CW1,6
SLP-2005,CER,CW1,1
SLP-2005,CER,CW1,3
SLP-2005,CER,CW1,4
SLP-2005,CER,CW1,1
SLP-2005,CER,CW1,2
SLP-2005,CER,CW1,1
SLP-2005,CER,CW1,1
SLP-2005,CER,CW1,1
SLP-2005,CER,CW1,2
SLP-2005,CER,CW1,3
SLP-2005,CER,CW1,2
SLP-2005,CER,CW1,9
SLP-2005,CER,CW1,1
SLP-2005,CER,CW1,1
SLP-2005,CER,CW1,1
SLP-2005,CER,CW1,1
SLP-2005,CER,CW1,1
SLP-2005,CER,CW1,1
SLP-2005,CER,CW1,1
SLP-2005,CER,CW1,1
SLP-2005,CER,CW1,5
SLP-2005,CER,CW1,4
SLP-2005,CER,CW1,2
SLP-2005,CER,CW1,1
SLP-2005,CER,CW1,1
SLP-2005,CER,CW1,1
SLP-2005,CER,CW1,1
SLP-2005,CER,CW1,1
SLP-2005,CER,CW1,1
SLP-2005,CER,CW1,1
SLP-2005,CER,CW1,1
SLP-2005,CER,CW1,1
SLP-2005,CER,CW1,1
SLP-2005,CER,CW1,1
SLP-2005,CER,CW1,1
SLP-2005,CER,CW1,2
SLP-2005,CER,CW1,2
SLP-2005,CER,CW1,2
SLP-2005,CER,CW1,3
SLP-2005,CER,CW1,1
SLP-2005,CER,CW1,2
SLP-2005,CER,CW1,4
SLP-2005,CER,CW1,1
SLP-2005,CER,CW1,4
SLP-2005,CER,CW1,1
SLP-2005,CER,CW1,16
SLP-2005,CER,CW1,4
SLP-2005,CER,CW1,1
SLP-2005,CER,CW1,1
SLP-2005,CER,CW1,1
SLP-2005,CER,CW1,1
SLP-2005,CER,CW1,1
SLP-2005,CER,CW1,2
SLP-2005,CER,CW1,1
SLP-2005,CER,CW1,1
SLP-2005,CER,CW1,1
SLP-2005,CER,CW1,2
SLP-2005,CER,CW1,1
SLP-2005,CER,CW1,2
SLP-2005,CER,CW1,3
SLP-2005,CER,CW1,1
SLP-2005,CER,CW1,1
SLP-2005,CER,CW1,1
SLP-2005,CER,CW1,1
SLP-2005,CER,CW1,1
SLP-2005,CER,CW1,1
SLP-2005,CER,CW1,1
SLP-2005,CER,CW1,1
SLP-2005,CER,CW1,1
SLP-2005,CER,CW1,1
SLP-2005,CER,CW1,3
SLP-2005,CER,CW1,1
SLP-2005,CER,CW1,2
SLP-2005,CER,CW1,2
SLP-2005,CER,CW1,5
SLP-2005,CER,CW1,2
SLP-2005,CER,CW1,1
SLP-2005,CER,CW1,3
SLP-2005,CER,CW1,5
SLP-2005,CER,CW1,1
SLP-2005,CER,CW1,1
SLP-2005,CER,CW1,8
SLP-2005,CER,CW1,1
SLP-2005,CER,CW1,1
SLP-2005,CER,CW1,7
SLP-2005,CER,CW1,13
SLP-2005,CER,CW1,2
SLP-2005,CER,CW1,3
SLP-2005,CER,CW1,1
SLP-2005,CER,CW1,2
SLP-2005,CER,CW1,1
SLP-2005,CER,CW1,2
SLP-2005,CER,CW1,7
SLP-2005,CER,CW1,1
SLP-2005,CER,CW1,1
SLP-2005,CER,CW1,1
SLP-2005,CER,CW1,1
SLP-2005,CER,CW1,1
SLP-2005,CER,CW1,1
SLP-2005,CER,CW1,1
SLP-2005,CER,CW1,4
SLP-2005,CER,CW1,3
SLP-2005,CER,CW1,3
SLP-2005,CER,CW1,13
SLP-2005,CER,CW1,8
SLP-2005,CER,CW1,14
SLP-2005,CER,CW1,5
SLP-2005,CER,CW1,1
SLP-2005,CER,CW1,17
SLP-2005,CER,CW1,1
SLP-2005,CER,CW1,1
SLP-2005,CER,CW1,1
SLP-2005,CER,CW1,1
SLP-2005,CER,CW1,1
SLP-2005,CER,CW1,1
SLP-2005,CER,CW1,1
SLP-2005,CER,CW1,2
SLP-2005,CER,CW1,2
SLP-2005,CER,CW1,3
SLP-2005,CER,CW1,2
SLP-2005,CER,CW1,3
SLP-2005,CER,CW1,6
SLP-2005,CER,CW1,8
SLP-2005,CER,CW1,1
SLP-2005,CER,CW1,1
SLP-2005,CER,CW1,1
SLP-2005,CER,CW1,2
SLP-2005,CER,CW1,1
SLP-2005,CER,CW1,1
SLP-2005,CER,CW1,1
SLP-2005,CER,CW1,1
SLP-2005,CER,CW1,1
SLP-2005,CER,CW1,3
SLP-2005,CER,CW1,4
SLP-2005,CER,CW1,1
SLP-2005,CER,CW1,6
SLP-2005,CER,CW1,1
SLP-2005,CER,CW1,1
SLP-2005,CER,CW1,2
SLP-2005,CER,CW1,1
SLP-2005,CER,CW1,1
SLP-2005,CER,CW1,1
SLP-2005,CER,CW1,1
SLP-2005,CER,CW1,1
SLP-2005,CER,CW1,1
SLP-2005,CER,CW1,3
SLP-2005,CER,CW1,1
SLP-2005,CER,CW1,15
SLP-2005,CER,CW1,1
SLP-2005,CER,CW1,5
SLP-2005,CER,CW1,1
SLP-2005,CER,CW1,3
SLP-2005,CER,CW1,10
SLP-2005,CER,CW1,1
SLP-2005,CER,CW1,1
SLP-2005,CER,CW1,1
SLP-2005,CER,CW1,2
SLP-2005,CER,CW1,3
SLP-2005,CER,CW1,2
SLP-2005,CER,CW1,2
SLP-2005,CER,CW1,4
SLP-2005,CER,CW1,1
SLP-2005,CER,CW1,1
SLP-2005,CER,CW1,1
SLP-2005,CER,CW1,2
SLP-2005,CER,CW1,3
SLP-2005,CER,CW1,11
SLP-2005,CER,CW1,5
SLP-2005,CER,CW1,1
SLP-2005,CER,CW1,1
SLP-2005,CER,CW1,1
SLP-2005,CER,CW1,1
SLP-2005,CER,CW1,1
SLP-2005,CER,CW1,1
SLP-2005,CER,CW1,1
SLP-2005,CER,CW1,1
SLP-2005,CER,CW1,1
SLP-2005,CER,CW1,1
SLP-2005,CER,CW1,8
SLP-2005,CER,CW1,3
SLP-2005,CER,CW1,1
SLP-2005,CER,CW1,1
SLP-2005,CER,CW1,1
SLP-2005,CER,CW1,1
SLP-2005,CER,CW1,1
SLP-2005,CER,CW1,1
SLP-2005,CER,CW1,2
SLP-2005,CER,CW1,1
SLP-2005,CER,CW1,1
SLP-2005,CER,CW1,1
SLP-2005,CER,CW1,7
SLP-2005,CER,CW1,1
SLP-2005,CER,CW1,1
SLP-2005,CER,CW1,4
SLP-2005,CER,CW1,4
SLP-2005,CER,CW1,5
SLP-2005,CER,CW1,7
SLP-2005,CER,CW1,1
SLP-2005,CER,CW1,7
SLP-2005,CER,CW1,1
SLP-2005,CER,CW1,4
SLP-2005,CER,CW1,2
SLP-2005,CER,CW1,1
SLP-2005,CER,CW1,1
SLP-2005,CER,CW1,2
SLP-2005,CER,CW1,1
SLP-2005,CER,CW1,1
SLP-2005,CER,CW1,1
SLP-2005,CER,CW1,1
SLP-2005,CER,CW1,1
SLP-2005,CER,CW1,5
SLP-2005,CER,CW1,2
SLP-2005,CER,CW1,9
SLP-2005,CER,CW1,7
SLP-2005,CER,CW1,10
SLP-2005,CER,CW1,2
SLP-2005,CER,CW1,8
SLP-2005,CER,CW1,26
SLP-2005,CER,CW1,1
SLP-2005,CER,CW1,1
SLP-2005,CER,CW1,2
SLP-2005,CER,CW1,1
SLP-2005,CER,CW1,1
SLP-2005,CER,CW1,1
SLP-2005,CER,CW1,2
SLP-2005,CER,CW1,2
SLP-2005,CER,CW1,4
SLP-2005,CER,CW1,5
SLP-2005,CER,CW1,8
SLP-2005,CER,CW1,6
SLP-2005,CER,CW1,8
SLP-2005,CER,CW1,1
SLP-2005,CER,CW1,1
SLP-2005,CER,CW1,1
SLP-2005,CER,CW1,6
SLP-2005,CER,CW1,1
SLP-2005,CER,CW1,1
SLP-2005,CER,CW1,1
SLP-2005,CER,CW1,7
SLP-2005,CER,CW1,3
SLP-2005,CER,CW1,3
SLP-2005,CER,CW1,1
SLP-2005,CER,CW1,12
SLP-2005,CER,CW1,12
SLP-2005,CER,CW1,1
SLP-2005,CER,CW1,4
SLP-2005,CER,CW1,30
SLP-2005,CER,CW1,10
SLP-2005,CER,CW1,2
SLP-2005,CER,CW1,6
SLP-2005,CER,CW1,3
SLP-2005,CER,CW1,28
SLP-2005,CER,CW1,4
SLP-2005,CER,CW1,1
SLP-2005,CER,CW1,1
SLP-2005,CER,CW1,1
SLP-2005,CER,CW1,1
SLP-2005,CER,CW1,1
SLP-2005,CER,CW1,21
SLP-2005,CER,CW1,1
SLP-2005,CER,CW1,1
SLP-2005,CER,CW1,9
SLP-2005,CER,CW1,1
SLP-2005,CER,CW1,2
SLP-2005,CER,CW1,5
SLP-2005,CER,CW1,1
SLP-2005,CER,CW1,1
SLP-2005,CER,CW2,3
SLP-2005,CER,CW2,1
SLP-2005,CER,CW2,1
SLP-2005,CER,CW2,6
SLP-2005,CER,CW2,1
SLP-2005,CER,CW2,1
SLP-2005,CER,CW2,4
SLP-2005,CER,CW2,1
SLP-2005,CER,CW2,1
SLP-2005,CER,CW2,1
SLP-2005,CER,CW2,1
SLP-2005,CER,CW2,1
SLP-2005,CER,CW2,1
SLP-2005,CER,CW2,1
SLP-2005,CER,CW2,1
SLP-2005,CER,CW2,1
SLP-2005,CER,CW2,4
SLP-2005,CER,CW2,3
SLP-2005,CER,CW2,1
SLP-2005,CER,CW2,1
SLP-2005,CER,CW2,1
SLP-2005,CER,CW2,3
SLP-2005,CER,CW2,1
SLP-2005,CER,CW2,1
SLP-2005,CER,CW2,1
SLP-2005,CER,CW2,1
SLP-2005,CER,CW2,1
SLP-2005,CER,CW2,1
SLP-2005,CER,CW2,1
SLP-2005,CER,CW2,1
SLP-2005,CER,CW2,3
SLP-2005,CER,CW2,1
SLP-2005,CER,CW2,1
SLP-2005,CER,CW2,1
SLP-2005,CER,CW2,1
SLP-2005,CER,CW2,2
SLP-2005,CER,CW2,1
SLP-2005,CER,CW2,1
SLP-2005,CER,CW2,1
SLP-2005,CER,CW2,3
SLP-2005,CER,CW2,4
SLP-2005,CER,CW2,2
SLP-2005,CER,CW2,1
SLP-2005,CER,CW2,1
SLP-2005,CER,CW2,1
SLP-2005,CER,CW2,1
SLP-2005,CER,CW2,1
SLP-2005,CER,CW2,1
SLP-2005,CER,CW2,1
SLP-2005,CER,CW2,2
SLP-2005,CER,CW2,4
SLP-2005,CER,CW2,1
SLP-2005,CER,CW2,3
SLP-2005,CER,CW2,4
SLP-2005,CER,CW2,3
SLP-2005,CER,CW2,1
SLP-2005,CER,CW2,1
SLP-2005,CER,CW2,2
SLP-2005,CER,CW2,1
SLP-2005,CER,CW2,1
SLP-2005,CER,CW2,1
SLP-2005,CER,CW2,1
SLP-2005,CER,CW2,1
SLP-2005,CER,CW2,1
SLP-2005,CER,CW2,1
SLP-2005,CER,CW2,1
SLP-2005,CER,CW2,1
SLP-2005,CER,CW2,1
SLP-2005,CER,CW2,1
SLP-2005,CER,CW2,1
SLP-2005,CER,CW2,1
SLP-2005,CER,CW2,1
SLP-2005,CER,CW2,1
SLP-2005,CER,CW2,1
SLP-2005,CER,CW2,1
SLP-2005,CER,CW2,1
SLP-2005,CER,CW2,1
SLP-2005,CER,CW2,1
SLP-2005,CER,CW2,1
SLP-2005,CER,CW2,1
SLP-2005,CER,CW2,1
SLP-2005,CER,CW2,1
SLP-2005,CER,CW2,1
SLP-2005,CER,CW2,1
SLP-2005,CER,CW2,1
SLP-2005,CER,CW2,1
SLP-2005,CER,CW2,2
SLP-2005,CER,CW2,1
SLP-2005,CER,CW2,1
SLP-2005,CER,CW2,1
SLP-2005,CER,CW2,1
SLP-2005,CER,CW2,2
SLP-2005,CER,CW2,1
SLP-2005,CER,CW2,1
SLP-2005,CER,CW2,1
SLP-2005,CER,CW2,1
SLP-2005,CER,CW2,1
SLP-2005,CER,CW2,1
SLP-2005,CER,CW2,1
SLP-2005,CER,CW2,5
SLP-2005,CER,CW2,1
SLP-2005,CER,CW2,1
SLP-2005,CER,CW2,1
SLP-2005,CER,CW2,1
SLP-2005,CER,CW2,1
SLP-2005,CER,CW2,3
SLP-2005,CER,CW2,4
SLP-2005,CER,CW2,2
SLP-2005,CER,CW2,1
SLP-2005,CER,CW2,2
SLP-2005,CER,CW2,4
SLP-2005,CER,CW2,2
SLP-2005,CER,CW2,1
SLP-2005,CER,CW2,1
SLP-2005,CER,CW2,1
SLP-2005,CER,CW2,1
SLP-2005,CER,CW2,1
SLP-2005,CER,CW2,1
SLP-2005,CER,CW2,1
SLP-2005,CER,CW2,2
SLP-2005,CER,CW2,2
SLP-2005,CER,CW2,3
SLP-2005,CER,CW2,5
SLP-2005,CER,CW2,3
SLP-2005,CER,CW2,1
SLP-2005,CER,CW2,1
SLP-2005,CER,CW2,2
SLP-2005,CER,CW2,1
SLP-2005,CER,CW2,2
SLP-2005,CER,CW2,1
SLP-2005,CER,CW2,1
SLP-2005,CER,CW2,1
SLP-2005,CER,CW2,1
SLP-2005,CER,CW2,2
SLP-2005,CER,CW2,1
SLP-2005,CER,CW2,1
SLP-2005,CER,CW2,2
SLP-2005,CER,CW2,1
SLP-2005,CER,CW2,1
SLP-2005,CER,CW2,1
SLP-2005,CER,CW2,1
SLP-2005,CER,CW2,1
SLP-2005,CER,CW2,1
SLP-2005,CER,CW2,1
SLP-2005,CER,CW2,1
SLP-2005,CER,CW2,2
SLP-2005,CER,CW2,1
SLP-2005,CER,CW2,1
SLP-2005,CER,CW2,1
SLP-2005,CER,CW2,3
SLP-2005,CER,CW2,1
SLP-2005,CER,CW2,2
SLP-2005,CER,CW2,1
SLP-2005,CER,CW2,1
SLP-2005,CER,CW2,1
SLP-2005,CER,CW2,2
SLP-2005,CER,CW2,1
SLP-2005,CER,CW2,1
SLP-2005,CER,CW2,1
SLP-2005,CER,CW2,1
SLP-2005,CER,CW2,1
SLP-2005,CER,CW2,1
SLP-2005,CER,CW2,1
SLP-2005,CER,CW2,1
SLP-2005,CER,CW2,1
SLP-2005,CER,CW2,1
SLP-2005,CER,CW2,2
SLP-2005,CER,CW2,2
SLP-2005,CER,CW2,1
SLP-2005,CER,CW2,4
SLP-2005,CER,CW2,2
SLP-2005,CER,CW2,1
SLP-2005,CER,CW2,1
SLP-2005,CER,CW2,1
SLP-2005,CER,CW2,2
SLP-2005,CER,CW2,1
SLP-2005,CER,CW2,1
SLP-2005,CER,CW2,1
SLP-2005,CER,CW2,1
SLP-2005,CER,CW2,4
SLP-2005,CER,CW2,1
SLP-2005,CER,CW2,1
SLP-2005,CER,CW2,1
SLP-2005,CER,CW2,1
SLP-2005,CER,CW2,1
SLP-2005,CER,CW2,1
SLP-2005,CER,CW2,1
SLP-2005,CER,CW2,1
SLP-2005,CER,CW2,1
SLP-2005,CER,CW2,1
SLP-2005,CER,CW2,2
SLP-2005,CER,CW2,1
SLP-2005,CER,CW2,3
SLP-2005,CER,CW2,1
SLP-2005,CER,CW2,1
SLP-2005,CER,CW2,1
SLP-2005,CER,CW2,2
SLP-2005,CER,CW2,1
SLP-2005,CER,CW2,1
SLP-2005,CER,CW2,1
SLP-2005,CER,CW2,4
SLP-2005,CER,CW2,2
SLP-2005,CER,CW2,6
SLP-2005,CER,CW2,2
SLP-2005,CER,CW2,1
SLP-2005,CER,CW2,3
SLP-2005,CER,CW2,1
SLP-2005,CER,CW2,1
SLP-2005,CER,CW2,1
SLP-2005,CER,CW2,1
SLP-2005,CER,CW2,2
SLP-2005,CER,CW2,1
SLP-2005,CER,CW2,1
SLP-2005,CER,CW2,1
SLP-2005,CER,CW2,4
SLP-2005,CER,CW2,2
SLP-2005,CER,CW2,1
SLP-2005,CER,CW2,2
SLP-2005,CER,CW2,1
SLP-2005,CER,CW2,1
SLP-2005,CER,CW2,1
SLP-2005,CER,CW2,2
SLP-2005,CER,CW2,2
SLP-2005,CER,CW2,1
SLP-2005,CER,CW2,1
SLP-2005,CER,CW2,1
SLP-2005,CER,CW2,1
SLP-2005,CER,CW2,1
SLP-2005,CER,CW2,1
SLP-2005,CER,CW2,1
SLP-2005,CER,CW2,1
SLP-2005,CER,CW2,3
SLP-2005,CER,CW2,2
SLP-2005,CER,CW2,1
SLP-2005,CER,CW2,1
SLP-2005,CER,CW2,1
SLP-2005,CER,CW2,1
SLP-2005,CER,CW2,4
SLP-2005,CER,CW2,1
SLP-2005,CER,CW2,1
SLP-2005,CER,CW2,1
SLP-2005,CER,CW2,1
SLP-2005,CER,CW2,1
SLP-2005,CER,CW2,1
SLP-2005,CER,CW2,1
SLP-2005,CER,CW2,3
SLP-2005,CER,CW2,4
SLP-2005,CER,CW2,1
SLP-2005,CER,CW2,1
SLP-2005,CER,CW2,1
SLP-2005,CER,CW2,1
SLP-2005,CER,CW2,2
SLP-2005,CER,CW2,1
SLP-2005,CER,CW2,1
SLP-2005,CER,CW2,1
SLP-2005,CER,CW2,1
SLP-2005,CER,CW2,1
SLP-2005,CER,CW2,2
SLP-2005,CER,CW2,1
SLP-2005,CER,CW2,1
SLP-2005,CER,CW2,1
SLP-2005,CER,CW2,1
SLP-2005,CER,CW2,1
SLP-2005,CER,CW2,1
SLP-2005,CER,CW2,1
SLP-2005,CER,CW2,3
SLP-2005,CER,CW2,2
SLP-2005,CER,CW2,1
SLP-2005,CER,CW2,1
SLP-2005,CER,CW2,2
SLP-2005,CER,CW2,1
SLP-2005,CER,CW2,1
SLP-2005,CER,CW2,1
SLP-2005,CER,CW2,1
SLP-2005,CER,CW2,2
SLP-2005,CER,CW2,1
SLP-2005,CER,CW2,1
SLP-2005,CER,CW2,1
SLP-2005,CER,CW2,1
SLP-2005,CER,CW2,1
SLP-2005,CER,CW2,1
SLP-2005,CER,CW2,1
SLP-2005,CER,CW2,1
SLP-2005,CER,CW2,1
SLP-2005,CER,CW2,1
SLP-2005,CER,CW2,1
SLP-2005,CER,CW2,1
SLP-2005,CER,CW2,2
SLP-2005,CER,CW2,1
SLP-2005,CER,CW2,1
SLP-2005,CER,CW2,1
SLP-2005,CER,CW2,1
SLP-2005,CER,CW2,1
SLP-2005,CER,CW2,1
SLP-2005,CER,CW2,1
SLP-2005,CER,CW2,1
SLP-2005,CER,CW2,1
SLP-2005,CER,CW2,1
SLP-2005,CER,CW2,2
SLP-2005,CER,CW2,1
SLP-2005,CER,CW2,1
SLP-2005,CER,CW2,1
SLP-2005,CER,CW2,2
SLP-2005,CER,CW2,2
SLP-2005,CER,CW2,1
SLP-2005,CER,CW2,1
SLP-2005,CER,CW2,1
SLP-2005,CER,CW2,3
SLP-2005,CER,CW2,1
SLP-2005,CER,CW2,1
SLP-2005,CER,CW2,1
SLP-2005,CER,CW2,14
SLP-2005,CER,CW2,1
SLP-2005,CER,CW2,1
SLP-2005,CER,CW2,2
SLP-2005,CER,CW2,2
SLP-2005,CER,CW2,1
SLP-2005,CER,CW2,1
SLP-2005,CER,CW2,1
SLP-2005,CER,CW2,1
SLP-2005,CER,CW2,1
SLP-2005,CER,CW2,2
SLP-2005,CER,CW2,2
SLP-2005,CER,CW2,2
SLP-2005,CER,CW2,1
SLP-2005,CER,CW2,1
SLP-2005,CER,CW2,1
SLP-2005,CER,CW2,1
SLP-2005,CER,CW2,5
SLP-2005,CER,CW2,1
SLP-2005,CER,CW2,1
SLP-2005,CER,CW2,1
SLP-2005,CER,CW2,1
SLP-2005,CER,CW2,1
SLP-2005,CER,CW2,1
SLP-2005,CER,CW2,3
SLP-2005,CER,CW2,1
SLP-2005,CER,CW2,7
SLP-2005,CER,CW2,1
SLP-2005,CER,CW2,1
SLP-2005,CER,CW2,12
SLP-2005,CER,CW2,14
SLP-2005,CER,CW2,1
SLP-2005,CER,CW2,1
SLP-2005,CER,CW2,3
SLP-2005,CER,CW2,6
SLP-2005,CER,CW2,3
SLP-2005,CER,CW2,15
SLP-2005,CER,CW2,2
SLP-2005,CER,CW2,1
SLP-2005,CER,CW2,1
SLP-2005,CER,CW2,1
SLP-2005,CER,CW2,1
SLP-2005,CER,CW2,1
SLP-2005,CER,CW2,1
SLP-2005,CER,CW2,1
SLP-2005,CER,CW2,1
SLP-2005,CER,CW2,1
SLP-2005,CER,CW2,1
SLP-2005,CER,CW2,1
SLP-2005,CER,CW2,1
SLP-2005,CER,CW2,1
SLP-2005,CER,CW2,1
SLP-2005,CER,CW2,1
SLP-2005,CER,CW2,3
SLP-2005,CER,CW2,2
SLP-2005,CER,CW2,2
SLP-2005,CER,CW2,2
SLP-2005,CER,CW2,3
SLP-2005,CER,CW2,4
SLP-2005,CER,CW2,2
SLP-2005,CER,CW2,4
SLP-2005,CER,CW2,5
SLP-2005,CER,CW2,4
SLP-2005,CER,CW2,2
SLP-2005,CER,CW2,1
SLP-2005,CER,CW2,1
SLP-2005,CER,CW2,3
SLP-2005,CER,CW2,3
SLP-2005,CER,CW2,1
SLP-2005,CER,CW2,2
SLP-2005,CER,CW2,2
SLP-2005,CER,CW2,1
SLP-2005,CER,DO1,4
SLP-2005,CER,DO1,1
SLP-2005,CER,DO1,2
SLP-2005,CER,DO1,1
SLP-2005,CER,DO1,1
SLP-2005,CER,DO1,1
SLP-2005,CER,DO1,1
SLP-2005,CER,DO1,1
SLP-2005,CER,DO1,3
SLP-2005,CER,DO1,1
SLP-2005,CER,DO1,2
SLP-2005,CER,DO1,1
SLP-2005,CER,DO1,1
SLP-2005,CER,DO1,1
SLP-2005,CER,DO1,1
SLP-2005,CER,DO1,1
SLP-2005,CER,DO1,1
SLP-2005,CER,DO1,1
SLP-2005,CER,DO1,1
SLP-2005,CER,DO1,1
SLP-2005,CER,DO1,1
SLP-2005,CER,DO1,1
SLP-2005,CER,DO1,2
SLP-2005,CER,DO1,1
SLP-2005,CER,DO1,1
SLP-2005,CER,DO1,1
SLP-2005,CER,DO1,1
SLP-2005,CER,DO1,1
SLP-2005,CER,DO1,1
SLP-2005,CER,DO1,2
SLP-2005,CER,DO1,1
SLP-2005,CER,DO1,1
SLP-2005,CER,DO1,1
SLP-2005,CER,DO1,1
SLP-2005,CER,DO1,1
SLP-2005,CER,DO1,1
SLP-2005,CER,DO1,2
SLP-2005,CER,DO1,1
SLP-2005,CER,DO1,1
SLP-2005,CER,DO1,1
SLP-2005,CER,DO1,1
SLP-2005,CER,DO1,1
SLP-2005,CER,DO1,1
SLP-2005,CER,DO1,1
SLP-2005,CER,DO2,2
SLP-2005,CER,DO2,1
SLP-2005,CER,DO2,1
SLP-2005,CER,DO2,1
SLP-2005,CER,DO2,1
SLP-2005,CER,DO2,1
SLP-2005,CER,DO2,4
SLP-2005,CER,DO2,1
SLP-2005,CER,DO2,1
SLP-2005,CER,DO2,1
SLP-2005,CER,DO2,1
SLP-2005,CER,DO2,1
SLP-2005,CER,DO2,1
SLP-2005,CER,DO2,1
SLP-2005,CER,DO2,1
SLP-2005,CER,DO2,1
SLP-2005,CER,DO2,1
SLP-2005,CER,DO2,1
SLP-2005,CER,DO2,2
SLP-2005,STO,FLI,3
SLP-2005,STO,FLI,1
SLP-2005,STO,FLI,1
SLP-2005,STO,FLI,1
SLP-2005,STO,FLI,2
SLP-2005,STO,FLI,1
SLP-2005,STO,FLI,4
SLP-2005,STO,FLI,3
SLP-2005,STO,FLI,2
SLP-2005,STO,FLI,1
SLP-2005,STO,FLI,1
SLP-2005,STO,FLI,1
SLP-2005,STO,FLI,2
SLP-2005,STO,FLI,1
SLP-2005,STO,FLI,1
SLP-2005,STO,FLI,1
SLP-2005,STO,FLI,1
SLP-2005,STO,FLI,1
SLP-2005,STO,FLI,1
SLP-2005,STO,FLI,1
SLP-2005,STO,FLI,1
SLP-2005,CER,GL,2
SLP-2005,CER,GL,1
SLP-2005,CER,GL,1
SLP-2005,CER,GL,1
SLP-2005,CER,GL,5
SLP-2005,CER,GL,1
SLP-2005,CER,GL,1
SLP-2005,CER,GL,1
SLP-2005,CER,GL,3
SLP-2005,CER,GL,1
SLP-2005,CER,GL,3
SLP-2005,CER,GL,1
SLP-2005,CER,GL,1
SLP-2005,CER,GL,1
SLP-2005,CER,GL,1
SLP-2005,CER,GL,3
SLP-2005,CER,GL,3
SLP-2005,CER,GL,1
SLP-2005,CER,GL,2
SLP-2005,CER,GL,1
SLP-2005,CER,GL,2
SLP-2005,CER,GL,4
SLP-2005,CER,GL,1
SLP-2005,CER,GL,1
SLP-2005,CER,GL,1
SLP-2005,CER,GL,1
SLP-2005,CER,GL,1
SLP-2005,CER,GL,2
SLP-2005,CER,GL,1
SLP-2005,CER,GL,1
SLP-2005,CER,GL,1
SLP-2005,CER,GL,2
SLP-2005,CER,GL,6
SLP-2005,CER,GL,1
SLP-2005,CER,GL,1
SLP-2005,CER,GL,1
SLP-2005,CER,GL,1
SLP-2005,CER,GL,1
SLP-2005,CER,GL,1
SLP-2005,CER,GL,1
SLP-2005,CER,GL,7
SLP-2005,CER,GL,1
SLP-2005,CER,GL,2
SLP-2005,CER,GL,2
SLP-2005,CER,GL,1
SLP-2005,CER,GL,1
SLP-2005,CER,GL,2
SLP-2005,CER,GL,3
SLP-2005,CER,GL,5
SLP-2005,CER,GL,1
SLP-2005,CER,GL,5
SLP-2005,CER,GL,1
SLP-2005,CER,GL,1
SLP-2005,CER,GL,3
SLP-2005,CER,GL,1
SLP-2005,CER,GL,1
SLP-2005,CER,GL,2
SLP-2005,CER,GL,1
SLP-2005,CER,GL,1
SLP-2005,CER,GL,1
SLP-2005,CER,GL,3
SLP-2005,CER,GL,1
SLP-2005,CER,GL,1
SLP-2005,CER,GL,1
SLP-2005,CER,GL,1
SLP-2005,CER,GL,3
SLP-2005,CER,GL,2
SLP-2005,CER,GL,2
SLP-2005,CER,GL,1
SLP-2005,CER,GL,2
SLP-2005,CER,GL,1
SLP-2005,CER,GL,2
SLP-2005,CER,GL,2
SLP-2005,CER,GL,6
SLP-2005,CER,GL,1
SLP-2005,CER,GL,1
SLP-2005,CER,GL,1
SLP-2005,CER,GL,2
SLP-2005,CER,GL,1
SLP-2005,CER,GL,1
SLP-2005,CER,GL,1
SLP-2005,CER,GL,1
SLP-2005,CER,GL,2
SLP-2005,CER,GL,1
SLP-2005,CER,GL,1
SLP-2005,CER,GL,1
SLP-2005,CER,GL,2
SLP-2005,CER,GL,1
SLP-2005,CER,GL,5
SLP-2005,CER,GL,3
SLP-2005,CER,GL,2
SLP-2005,CER,GL,1
SLP-2005,CER,GL,1
SLP-2005,CER,GL,12
SLP-2005,CER,GL,7
SLP-2005,CER,GL,1
SLP-2005,CER,GL,2
SLP-2005,CER,GL,4
SLP-2005,CER,GL,2
SLP-2005,CER,GL,1
SLP-2005,CER,GL,2
SLP-2005,CER,GL,3
SLP-2005,CER,GL,9
SLP-2005,CER,GL,1
SLP-2005,CER,GL,2
SLP-2005,CER,GL,1
SLP-2005,CER,GL,2
SLP-2005,CER,GL,2
SLP-2005,CER,GL,3
SLP-2005,CER,GL,3
SLP-2005,CER,GL,1
SLP-2005,CER,GL,1
SLP-2005,CER,GL,14
SLP-2005,CER,GL,8
SLP-2005,CER,GL,5
SLP-2005,CER,GL,6
SLP-2005,CER,GL,3
SLP-2005,CER,GL,1
SLP-2005,CER,GL,1
SLP-2005,CER,GL,1
SLP-2005,CER,GL,5
SLP-2005,CER,GL,1
SLP-2005,CER,GL,1
SLP-2005,CER,GL,2
SLP-2005,CER,GL,1
SLP-2005,CER,GL,3
SLP-2005,CER,GL,1
SLP-2005,CER,GL,1
SLP-2005,CER,GL,1
SLP-2005,CER,GL,4
SLP-2005,CER,GL,3
SLP-2005,CER,GL,1
SLP-2005,CER,GL,5
SLP-2005,CER,GL,2
SLP-2005,CER,GL,1
SLP-2005,CER,GL,2
SLP-2005,CER,GL,1
SLP-2005,CER,GL,1
SLP-2005,CER,GL,1
SLP-2005,CER,GL,1
SLP-2005,CER,GL,3
SLP-2005,CER,GL,1
SLP-2005,CER,GL,1
SLP-2005,CER,GL,7
SLP-2005,CER,IMB,2
SLP-2005,CER,IMB,1
SLP-2005,CER,IMB,2
SLP-2005,CER,IMB,1
SLP-2005,CER,IMB,2
SLP-2005,CER,IMB,5
SLP-2005,CER,IMB,5
SLP-2005,CER,IMB,6
SLP-2005,CER,IMB,1
SLP-2005,CER,IMB,3
SLP-2005,CER,IMB,1
SLP-2005,CER,IMB,1
SLP-2005,CER,IMB,1
SLP-2005,CER,IMB,1
SLP-2005,CER,IMB,1
SLP-2005,CER,IMB,1
SLP-2005,CER,IMB,1
SLP-2005,CER,IMB,1
SLP-2005,CER,IMB,1
SLP-2005,CER,IMB,1
SLP-2005,CER,IMB,1
SLP-2005,CER,IMB,1
SLP-2005,CER,IMB,1
SLP-2005,CER,IMB,3
SLP-2005,CER,IMB,1
SLP-2005,CER,IMB,2
SLP-2005,CER,IMB,1
SLP-2005,CER,IMB,1
SLP-2005,CER,IMB,1
SLP-2005,CER,IMB,1
SLP-2005,CER,IMB,2
SLP-2005,CER,IMB,2
SLP-2005,CER,IMB,1
SLP-2005,CER,IMB,1
SLP-2005,CER,IMB,2
SLP-2005,CER,IMB,2
SLP-2005,CER,IMB,3
SLP-2005,CER,IMB,2
SLP-2005,CER,IMB,2
SLP-2005,CER,IMB,1
SLP-2005,CER,IMB,1
SLP-2005,CER,IMB,1
SLP-2005,CER,IMB,7
SLP-2005,CER,IMB,2
SLP-2005,CER,IMB,2
SLP-2005,CER,IMB,2
SLP-2005,CER,IMB,4
SLP-2005,CER,IMB,1
SLP-2005,CER,IMB,1
SLP-2005,CER,IMB,11
SLP-2005,CER,IMB,6
SLP-2005,CER,IMB,11
SLP-2005,CER,IMB,2
SLP-2005,CER,IMB,5
SLP-2005,CER,IMB,1
SLP-2005,CER,IMB,1
SLP-2005,CER,IMB,8
SLP-2005,CER,IMB,1
SLP-2005,CER,IMB,1
SLP-2005,CER,IMB,1
SLP-2005,CER,IMB,2
SLP-2005,CER,IMB,1
SLP-2005,CER,IMB,1
SLP-2005,CER,IMP,1
SLP-2005,CER,IMP,6
SLP-2005,CER,IMP,12
SLP-2005,CER,IMP,3
SLP-2005,CER,IMP,24
SLP-2005,CER,IMP,3
SLP-2005,CER,IMP,4
SLP-2005,CER,IMP,6
SLP-2005,CER,IMP,1
SLP-2005,CER,IMP,7
SLP-2005,CER,IMP,3
SLP-2005,CER,IMP,3
SLP-2005,CER,IMP,1
SLP-2005,CER,IMP,1
SLP-2005,CER,IMP,1
SLP-2005,CER,IMP,1
SLP-2005,CER,IMP,1
SLP-2005,CER,IMP,1
SLP-2005,CER,IMP,1
SLP-2005,CER,IMP,2
SLP-2005,CER,IMP,1
SLP-2005,CER,IMP,1
SLP-2005,CER,IMP,1
SLP-2005,CER,IMP,1
SLP-2005,CER,IMP,1
SLP-2005,CER,IMP,1
SLP-2005,CER,IMP,3
SLP-2005,CER,IMP,1
SLP-2005,CER,IMP,1
SLP-2005,CER,IMP,4
SLP-2005,CER,IMP,3
SLP-2005,CER,IMP,1
SLP-2005,CER,IMP,2
SLP-2005,CER,IMP,1
SLP-2005,CER,IMP,1
SLP-2005,CER,IMP,1
SLP-2005,CER,IMP,1
SLP-2005,CER,IMP,3
SLP-2005,CER,IMP,1
SLP-2005,CER,IMP,3
SLP-2005,CER,IMP,1
SLP-2005,CER,IMP,1
SLP-2005,CER,IMP,6
SLP-2005,CER,IMP,2
SLP-2005,CER,IMP,3
SLP-2005,CER,IMP,1
SLP-2005,CER,IMP,1
SLP-2005,CER,IMP,4
SLP-2005,CER,IMP,4
SLP-2005,CER,IMP,2
SLP-2005,CER,IMP,1
SLP-2005,CER,IMP,1
SLP-2005,CER,IMP,2
SLP-2005,CER,IMP,4
SLP-2005,CER,IMP,1
SLP-2005,CER,IMP,1
SLP-2005,CER,IMP,1
SLP-2005,CER,IMP,1
SLP-2005,CER,IMP,2
SLP-2005,CER,IMP,1
SLP-2005,CER,IMP,1
SLP-2005,CER,IMP,1
SLP-2005,CER,IMP,1
SLP-2005,CER,IMP,1
SLP-2005,CER,IMP,2
SLP-2005,CER,IMP,1
SLP-2005,CER,IMP,1
SLP-2005,CER,IMP,1
SLP-2005,CER,IMP,1
SLP-2005,CER,IMP,1
SLP-2005,CER,IMP,1
SLP-2005,CER,IMP,1
SLP-2005,CER,IMP,1
SLP-2005,CER,IMP,14
SLP-2005,CER,IMP,2
SLP-2005,CER,IMP,6
SLP-2005,CER,IMP,2
SLP-2005,CER,IMP,1
SLP-2005,CER,IMP,6
SLP-2005,CER,IMP,1
SLP-2005,CER,IMP,1
SLP-2005,CER,IMP,1
SLP-2005,CER,IMP,3
SLP-2005,CER,IMP,2
SLP-2005,CER,IMP,1
SLP-2005,CER,IMP,7
SLP-2005,CER,IMP,15
SLP-2005,CER,IMP,1
SLP-2005,CER,IMP,3
SLP-2005,CER,IMP,1
SLP-2005,CER,IMP,2
SLP-2005,CER,IMP,1
SLP-2005,CER,IMP,1
SLP-2005,CER,IMP,1
SLP-2005,CER,IMP,3
SLP-2005,CER,IMP,1
SLP-2005,CER,IMP,1
SLP-2005,CER,IMP,1
SLP-2005,CER,IMP,2
SLP-2005,CER,IMP,1
SLP-2005,CER,IMP,1
SLP-2005,CER,IMP,2
SLP-2005,CER,IMP,1
SLP-2005,CER,IMP,1
SLP-2005,CER,IMP,2
SLP-2005,CER,IMP,8
SLP-2005,CER,IMP,19
SLP-2005,CER,IMP,14
SLP-2005,CER,IMP,12
SLP-2005,CER,IMP,6
SLP-2005,CER,IMP,3
SLP-2005,CER,IMP,1
SLP-2005,CER,IMP,1
SLP-2005,CER,IMP,2
SLP-2005,CER,IMP,2
SLP-2005,CER,IMP,1
SLP-2005,CER,IMP,1
SLP-2005,CER,IMP,1
SLP-2005,CER,IMP,1
SLP-2005,CER,IMP,1
SLP-2005,CER,IMP,1
SLP-2005,CER,IMP,1
SLP-2005,CER,IMP,1
SLP-2005,CER,IMP,1
SLP-2005,CER,IMP,1
SLP-2005,CER,IMP,1
SLP-2005,CER,IMP,5
SLP-2005,CER,IMP,3
SLP-2005,CER,IMP,1
SLP-2005,CER,IMP,5
SLP-2005,CER,IMP,3
SLP-2005,CER,IMP,4
SLP-2005,CER,IMP,1
SLP-2005,CER,IMP,2
SLP-2005,CER,IMP,3
SLP-2005,CER,IMP,9
SLP-2005,VAR,IS,1
SLP-2005,CER,ITS,1
SLP-2005,CER,ITS,2
SLP-2005,CER,ITS,1
SLP-2005,CER,ITS,1
SLP-2005,CER,ITS,1
SLP-2005,CER,ITS,2
SLP-2005,CER,ITS,1
SLP-2005,CER,ITS,1
SLP-2005,CER,ITS,1
SLP-2005,CER,ITS,1
SLP-2005,CER,ITS,1
SLP-2005,CER,ITS,2
SLP-2005,CER,ITS,1
SLP-2005,CER,ITS,1
SLP-2005,CER,ITS,1
SLP-2005,CER,ITS,1
SLP-2005,CER,LAR,1
SLP-2005,CER,LW,1
SLP-2005,CER,LW,1
SLP-2005,CER,LW,1
SLP-2005,CER,PW,1
SLP-2005,CER,PW,3
SLP-2005,CER,PW,6
SLP-2005,CER,PW,5
SLP-2005,CER,PW,7
SLP-2005,CER,PW,1
SLP-2005,CER,PW,1
SLP-2005,CER,PW,1
SLP-2005,CER,PW,1
SLP-2005,CER,PW,1
SLP-2005,CER,PW,6
SLP-2005,CER,PW,1
SLP-2005,CER,PW,1
SLP-2005,CER,PW,1
SLP-2005,CER,PW,1
SLP-2005,CER,PW,1
SLP-2005,CER,PW,3
SLP-2005,CER,PW,3
SLP-2005,CER,PW,1
SLP-2005,CER,PW,1
SLP-2005,CER,PW,1
SLP-2005,CER,PW,1
SLP-2005,CER,PW,1
SLP-2005,CER,PW,1
SLP-2005,CER,PW,1
SLP-2005,CER,PW,1
SLP-2005,CER,PW,1
SLP-2005,CER,PW,1
SLP-2005,CER,PW,1
SLP-2005,CER,PW,2
SLP-2005,CER,PW,3
SLP-2005,CER,PW,6
SLP-2005,CER,PW,4
SLP-2005,CER,PW,1
SLP-2005,CER,PW,2
SLP-2005,CER,PW,1
SLP-2005,CER,PW,1
SLP-2005,CER,PW,2
SLP-2005,CER,PW,1
SLP-2005,CER,PW,1
SLP-2005,CER,PW,2
SLP-2005,CER,PW,1
SLP-2005,CER,PW,8
SLP-2005,CER,PW,1
SLP-2005,CER,PW,1
SLP-2005,CER,PW,5
SLP-2005,CER,PW,1
SLP-2005,CER,PW,1
SLP-2005,CER,PW,3
SLP-2005,CER,PW,1
SLP-2005,CER,PW,1
SLP-2005,CER,PW,1
SLP-2005,CER,PW,1
SLP-2005,CER,PW,3
SLP-2005,CER,PW,1
SLP-2005,CER,PW,2
SLP-2005,CER,PW,4
SLP-2005,CER,PW,1
SLP-2005,CER,PW,1
SLP-2005,CER,PW,1
SLP-2005,CER,PW,1
SLP-2005,CER,PW,1
SLP-2005,CER,PW,1
SLP-2005,CER,PW,1
SLP-2005,CER,PW,1
SLP-2005,CER,PW,1
SLP-2005,CER,PW,1
SLP-2005,CER,PW,1
SLP-2005,CER,PW,1
SLP-2005,CER,PW,1
SLP-2005,CER,PW,1
SLP-2005,CER,PW,1
SLP-2005,CER,PW,1
SLP-2005,CER,PW,1
SLP-2005,CER,PW,2
SLP-2005,CER,PW,1
SLP-2005,CER,PW,1
SLP-2005,CER,PW,7
SLP-2005,CER,PW,2
SLP-2005,CER,PW,2
SLP-2005,CER,PW,2
SLP-2005,CER,PW,1
SLP-2005,CER,PW,5
SLP-2005,CER,PW,1
SLP-2005,CER,PW,2
SLP-2005,CER,PW,2
SLP-2005,CER,PW,1
SLP-2005,CER,PW,1
SLP-2005,CER,PW,1
SLP-2005,CER,PW,1
SLP-2005,CER,PW,1
SLP-2005,CER,PW,1
SLP-2005,CER,PW,1
SLP-2005,CER,PW,1
SLP-2005,CER,PW,1
SLP-2005,CER,PW,2
SLP-2005,CER,PW,3
SLP-2005,CER,PW,3
SLP-2005,CER,PW,2
SLP-2005,CER,PW,2
SLP-2005,CER,PW,4
SLP-2005,CER,PW,3
SLP-2005,CER,PW,11
SLP-2005,CER,PW,5
SLP-2005,CER,PW,2
SLP-2005,CER,PW,2
SLP-2005,CER,PW,1
SLP-2005,CER,PW,1
SLP-2005,CER,PW,1
SLP-2005,CER,PW,3
SLP-2005,CER,PW,1
SLP-2005,CER,PW,2
SLP-2005,CER,PW,1
SLP-2005,CER,PW,1
SLP-2005,CER,PW,1
SLP-2005,CER,PW,1
SLP-2005,CER,PW,1
SLP-2005,CER,PW,1
SLP-2005,CER,PW,1
SLP-2005,CER,PW,1
SLP-2005,CER,PW,1
SLP-2005,CER,PW,3
SLP-2005,CER,PW,1
SLP-2005,CER,PW,1
SLP-2005,CER,PW,1
SLP-2005,CER,PW,1
SLP-2005,CER,PW,3
SLP-2005,CER,PW,1
SLP-2005,CER,PW,2
SLP-2005,CER,PW,4
SLP-2005,CER,PW,1
SLP-2005,CER,PW,1
SLP-2005,CER,PW,1
SLP-2005,CER,PW,1
SLP-2005,CER,PW,1
SLP-2005,CER,PW,1
SLP-2005,CER,PW,1
SLP-2005,CER,PW,1
SLP-2005,CER,PW,1
SLP-2005,CER,PW,1
SLP-2005,CER,PW,6
SLP-2005,CER,PW,6
SLP-2005,CER,PW,1
SLP-2005,CER,PW,1
SLP-2005,CER,PW,2
SLP-2005,CER,PW,1
SLP-2005,CER,PW,1
SLP-2005,CER,PW,1
SLP-2005,CER,PW,2
SLP-2005,CER,PW,2
SLP-2005,CER,PW,3
SLP-2005,CER,PW,1
SLP-2005,CER,PW,1
SLP-2005,CER,PW,1
SLP-2005,CER,PW,1
SLP-2005,CER,PW,1
SLP-2005,CER,PW,1
SLP-2005,CER,PW,1
SLP-2005,CER,PW,1
SLP-2005,CER,PW,1
SLP-2005,CER,PW,1
SLP-2005,CER,PW,1
SLP-2005,CER,PW,1
SLP-2005,CER,PW,1
SLP-2005,CER,PW,1
SLP-2005,CER,PW,4
SLP-2005,CER,PW,1
SLP-2005,CER,PW,1
SLP-2005,CER,PW,4
SLP-2005,CER,PW,3
SLP-2005,CER,PW,1
SLP-2005,CER,PW,2
SLP-2005,CER,PW,1
SLP-2005,CER,PW,1
SLP-2005,CER,PW,2
SLP-2005,CER,PW,1
SLP-2005,CER,PW,1
SLP-2005,CER,PW,2
SLP-2005,CER,PW,1
SLP-2005,CER,PW,1
SLP-2005,CER,PW,1
SLP-2005,CER,PW,2
SLP-2005,CER,PW,2
SLP-2005,CER,PW,1
SLP-2005,CER,PW,1
SLP-2005,CER,PW,2
SLP-2005,CER,PW,2
SLP-2005,CER,PW,1
SLP-2005,CER,PW,1
SLP-2005,CER,PW,2
SLP-2005,CER,PW,3
SLP-2005,CER,PW,4
SLP-2005,CER,PW,1
SLP-2005,CER,PW,1
SLP-2005,CER,PW,1
SLP-2005,CER,PW,1
SLP-2005,CER,PW,1
SLP-2005,CER,PW,2
SLP-2005,CER,PW,1
SLP-2005,CER,PW,3
SLP-2005,CER,PW,2
SLP-2005,CER,PW,6
SLP-2005,CER,PW,4
SLP-2005,CER,PW,1
SLP-2005,CER,PW,1
SLP-2005,CER,PW,1
SLP-2005,CER,PW,1
SLP-2005,CER,PW,1
SLP-2005,CER,PW,1
SLP-2005,CER,PW,1
SLP-2005,CER,PW,1
SLP-2005,CER,PW,1
SLP-2005,CER,PW,3
SLP-2005,CER,PW,4
SLP-2005,CER,PW,1
SLP-2005,CER,PW,3
SLP-2005,CER,PW,2
SLP-2005,CER,PW,3
SLP-2005,CER,PW,3
SLP-2005,CER,PW,1
SLP-2005,CER,PW,1
SLP-2005,CER,PW,1
SLP-2005,CER,PW,1
SLP-2005,CER,PW,1
SLP-2005,CER,PW,1
SLP-2005,CER,PW,2
SLP-2005,CER,PW,2
SLP-2005,CER,PW,10
SLP-2005,CER,PW,2
SLP-2005,CER,PW,1
SLP-2005,CER,PW,1
SLP-2005,CER,PW,1
SLP-2005,CER,PW,1
SLP-2005,CER,PW,1
SLP-2005,CER,PW,1
SLP-2005,CER,PW,1
SLP-2005,CER,PW,1
SLP-2005,CER,PW,13
SLP-2005,CER,PW,1
SLP-2005,CER,PW,2
SLP-2005,CER,PW,1
SLP-2005,CER,PW,6
SLP-2005,CER,PW,5
SLP-2005,CER,PW,1
SLP-2005,CER,PW,1
SLP-2005,CER,PW,1
SLP-2005,CER,PW,1
SLP-2005,CER,PW,1
SLP-2005,CER,PW,2
SLP-2005,CER,PW,3
SLP-2005,CER,PW,4
SLP-2005,CER,PW,2
SLP-2005,CER,PW,5
SLP-2005,CER,PW,1
SLP-2005,CER,PW,1
SLP-2005,CER,PW,1
SLP-2005,CER,PW,1
SLP-2005,CER,PW,3
SLP-2005,CER,PW,1
SLP-2005,CER,PW,1
SLP-2005,CER,PW,3
SLP-2005,CER,PW,9
SLP-2005,CER,PW,5
SLP-2005,CER,PW,1
SLP-2005,CER,PW,2
SLP-2005,CER,PW,2
SLP-2005,CER,PW,1
SLP-2005,CER,PW,4
SLP-2005,CER,PW,1
SLP-2005,CER,PW,2
SLP-2005,CER,PW,1
SLP-2005,CER,PW,2
SLP-2005,CER,PW,1
SLP-2005,CER,PW,1
SLP-2005,CER,PW,1
SLP-2005,CER,PW,1
SLP-2005,CER,PW,5
SLP-2005,CER,PW,1
SLP-2005,CER,PW,1
SLP-2005,CER,PW,4
SLP-2005,CER,PW,1
SLP-2005,CER,PW,3
SLP-2005,CER,PW,5
SLP-2005,CER,PW,3
SLP-2005,CER,PW,1
SLP-2005,CER,PW,1
SLP-2005,CER,PW,1
SLP-2005,CER,PW,1
SLP-2005,CER,PW,1
SLP-2005,CER,PW,10
SLP-2005,CER,PW,1
SLP-2005,CER,PW,1
SLP-2005,CER,PW,2
SLP-2005,CER,PW,3
SLP-2005,CER,PW,1
SLP-2005,CER,PW,1
SLP-2005,CER,PW,2
SLP-2005,CER,PW,1
SLP-2005,CER,PW,1
SLP-2005,CER,PW,1
SLP-2005,CER,PW,1
SLP-2005,CER,PW2,2
SLP-2005,CER,RBT,2
SLP-2005,CER,RBT,5
SLP-2005,CER,RBT,3
SLP-2005,CER,RBT,6
SLP-2005,CER,RBT,2
SLP-2005,CER,RBT,3
SLP-2005,CER,RBT,3
SLP-2005,CER,RBT,2
SLP-2005,CER,RBT,4
SLP-2005,CER,RBT,1
SLP-2005,CER,RBT,10
SLP-2005,CER,RBT,21
SLP-2005,CER,RBT,5
SLP-2005,CER,RBT,2
SLP-2005,CER,RBT,1
SLP-2005,CER,RBT,2
SLP-2005,CER,RBT,5
SLP-2005,CER,RBT,8
SLP-2005,CER,RBT,5
SLP-2005,CER,RBT,3
SLP-2005,CER,RBT,5
SLP-2005,CER,RBT,1
SLP-2005,CER,RBT,3
SLP-2005,CER,RBT,1
SLP-2005,CER,RBT,6
SLP-2005,CER,RBT,27
SLP-2005,CER,RBT,4
SLP-2005,CER,RBT,2
SLP-2005,CER,RBT,1
SLP-2005,CER,RP,1
SLP-2005,CER,RTW,1
SLP-2005,CER,RTW,1
SLP-2005,CER,RTW,1
SLP-2005,CER,RTW,2
SLP-2005,CER,RTW,3
SLP-2005,CER,RTW,1
SLP-2005,CER,RTW,1
SLP-2005,CER,STO,4
SLP-2005,CER,STR,1
SLP-2005,CER,TIL,2
SLP-2005,CER,TIL,2
SLP-2005,CER,TIL,4
SLP-2005,CER,TIL,20
SLP-2005,CER,TIL,8
SLP-2005,CER,TIL,3
SLP-2005,CER,TIL,9
SLP-2005,CER,TIL,12
SLP-2005,CER,TIL,4
SLP-2005,CER,TIL,5
SLP-2005,CER,TIL,1
SLP-2005,CER,TIL,6
SLP-2005,CER,TIL,5
SLP-2005,CER,TIL,7
SLP-2005,CER,TIL,1
SLP-2005,CER,TIL,1
SLP-2005,CER,TIL,1
SLP-2005,CER,TIL,2
SLP-2005,CER,TIL,1
SLP-2005,CER,TIL,1
SLP-2005,CER,TIL,1
SLP-2005,CER,TIL,2
SLP-2005,CER,TIL,1
SLP-2005,CER,TIL,1
SLP-2005,CER,TIL,1
SLP-2005,CER,TIL,2
SLP-2005,CER,TIL,4
SLP-2005,CER,TIL,2
SLP-2005,CER,TIL,6
SLP-2005,CER,TIL,2
SLP-2005,CER,TIL,2
SLP-2005,CER,TIL,1
SLP-2005,CER,TIL,1
SLP-2005,CER,TIL,2
SLP-2005,CER,TIL,1
SLP-2005,CER,TIL,5
SLP-2005,CER,TIL,2
SLP-2005,CER,TIL,7
SLP-2005,CER,TIL,3
SLP-2005,CER,TIL,5
SLP-2005,CER,TIL,13
SLP-2005,CER,TIL,2
SLP-2005,CER,TIL,1
SLP-2005,CER,TIL,1
SLP-2005,CER,TIL,1
SLP-2005,CER,TIL,2
SLP-2005,CER,TIL,2
SLP-2005,CER,TIL,1
SLP-2005,CER,TIL,1
SLP-2005,CER,TIL,1
SLP-2005,CER,TIL,1
SLP-2005,CER,TIL,1
SLP-2005,CER,TIL,1
SLP-2005,CER,TIL,2
SLP-2005,CER,TIL,1
SLP-2005,CER,TIL,1
SLP-2005,CER,TIL,2
SLP-2005,CER,TIL,8
SLP-2005,CER,TIL,2
SLP-2005,CER,TIL,5
SLP-2005,CER,TIL,4
SLP-2005,CER,TIL,1
SLP-2005,CER,TIL,1
SLP-2005,CER,TIL,1
SLP-2005,CER,TIL,1
SLP-2005,CER,TIL,1
SLP-2005,CER,TIL,1
SLP-2005,CER,TIL,1
SLP-2005,CER,TIL,1
SLP-2005,CER,TIL,5
SLP-2005,CER,TIL,2
SLP-2005,CER,TIL,7
SLP-2005,CER,TIL,1
SLP-2005,CER,TIL,1
SLP-2005,CER,TIL,15
SLP-2005,CER,TIL,3
SLP-2005,CER,TIL,3
SLP-2005,CER,TIL,3
SLP-2005,CER,TIL,9
SLP-2005,CER,TIL,2
SLP-2005,CER,TIL,2
SLP-2005,CER,TIL,2
SLP-2005,CER,TIL,3
SLP-2005,CER,TIL,2
SLP-2005,CER,TIL,4
SLP-2005,CER,TIL,6
SLP-2005,CER,TIL,8
SLP-2005,CER,TIL,2
SLP-2005,CER,TIL,8
SLP-2005,CER,TIL,3
SLP-2005,CER,TIL,4
SLP-2005,CER,TIL,2
SLP-2005,CER,TIL,8
SLP-2005,CER,TIL,5
SLP-2005,CER,TIL,7
SLP-2005,CER,TIL,2
SLP-2005,CER,TIL,2
SLP-2005,CER,TIL,2
SLP-2005,CER,TIL,3
SLP-2005,CER,TIL,2
SLP-2005,CER,TIL,4
SLP-2005,CER,TIL,3
SLP-2005,CER,TIL,2
SLP-2005,CER,TIL,5
SLP-2005,CER,TIL,6
SLP-2005,CER,TIL,6
SLP-2005,CER,TIL,5
SLP-2005,CER,TIL,3
SLP-2005,CER,TIL,2
SLP-2005,CER,TIL,3
SLP-2005,CER,TIL,3
SLP-2005,CER,TIL,2
SLP-2005,CER,TIL,3
SLP-2005,CER,TIL,5
SLP-2005,CER,TIL,4
SLP-2005,CER,TIL,3
SLP-2005,CER,TIL,2
SLP-2005,CER,TIL,3
SLP-2005,CER,TIL,3
SLP-2005,CER,TIL,3
SLP-2005,CER,TIL,2
SLP-2005,CER,TIL,3
SLP-2005,CER,TIL,2
SLP-2005,CER,TIL,2
SLP-2005,CER,TIL,8
SLP-2005,CER,TIL,5
SLP-2005,CER,TIL,5
SLP-2005,CER,TIL,7
SLP-2005,CER,TIL,8
SLP-2005,CER,TIL,6
SLP-2005,CER,TIL,4
SLP-2005,CER,TIL,15
SLP-2005,CER,TIL,4
SLP-2005,CER,TIL,2
SLP-2005,CER,TIL,2
SLP-2005,CER,TIL,5
SLP-2005,CER,TIL,6
SLP-2005,CER,TIL,4
SLP-2005,CER,TIL,2
SLP-2005,CER,TIL,3
SLP-2005,CER,TIL,3
SLP-2005,CER,TIL,3
SLP-2005,CER,TIL,3
SLP-2005,CER,TIL,6
SLP-2005,CER,TIL,11
SLP-2005,CER,TIL,4
SLP-2005,CER,TIL,2
SLP-2005,CER,TIL,3
SLP-2005,CER,TIL,6
SLP-2005,CER,TIL,6
SLP-2005,CER,TIL,1
SLP-2005,CER,TIL,12
SLP-2005,CER,TIL,1
SLP-2005,CER,TIL,2
SLP-2005,CER,TIL,1
SLP-2005,CER,TIL,1
SLP-2005,CER,TIL,1
SLP-2005,CER,TIL,8
SLP-2005,CER,TIL,2
SLP-2005,CER,TIL,1
SLP-2005,CER,TIL,4
SLP-2005,CER,TIL,1
SLP-2005,CER,TIL,1
SLP-2005,CER,TIL,1
SLP-2005,CER,TIL,1
SLP-2005,CER,TIL,1
SLP-2005,CER,TIL,1
SLP-2005,CER,TIL,1
SLP-2005,CER,TIL,1
SLP-2005,CER,TIL,1
SLP-2005,CER,TIL,2
SLP-2005,CER,TIL,1
SLP-2005,CER,TIL,1
SLP-2005,CER,TIL,1
SLP-2005,CER,TIL,1
SLP-2005,CER,TIL,1
SLP-2005,CER,TIL,3
SLP-2005,CER,TIL,1
SLP-2005,CER,TIL,1
SLP-2005,CER,TIL,1
SLP-2005,CER,TIL,8
SLP-2005,CER,TIL,4
SLP-2005,CER,TIL,1
SLP-2005,CER,TIL,4
SLP-2005,CER,TIL,4
SLP-2005,CER,TIL,2
SLP-2005,CER,TIL,1
SLP-2005,CER,TIL,2
SLP-2005,CER,TIL,1
SLP-2005,CER,TIL,1
SLP-2005,CER,TIL,1
SLP-2005,CER,TIL,1
SLP-2005,CER,TIL,2
SLP-2005,CER,TIL,1
SLP-2005,CER,TIL,1
SLP-2005,CER,TIL,1
SLP-2005,CER,TIL,1
SLP-2005,CER,TIL,1
SLP-2005,CER,TIL,2
SLP-2005,CER,TIL,1
SLP-2005,CER,TIL,1
SLP-2005,CER,TIL,2
SLP-2005,CER,TIL,1
SLP-2005,CER,TIL,2
SLP-2005,CER,TIL,1
SLP-2005,CER,TIL,1
SLP-2005,CER,TIL,1
SLP-2005,CER,TIL,1
SLP-2005,CER,TIL,1
SLP-2005,CER,TIL,1
SLP-2005,CER,TIL,3
SLP-2005,CER,TIL,3
SLP-2005,CER,TIL,1
SLP-2005,CER,TIL,2
SLP-2005,CER,TIL,1
SLP-2005,CER,TIL,1
SLP-2005,CER,TIL,1
SLP-2005,CER,TIL,2
SLP-2005,CER,TIL,3
SLP-2005,CER,TIL,1
SLP-2005,CER,TIL,2
SLP-2005,CER,TIL,2
SLP-2005,CER,TIL,1
SLP-2005,CER,TIL,1
SLP-2005,CER,TIL,1
SLP-2005,CER,TIL,3
SLP-2005,CER,TIL,1
SLP-2005,CER,TIL,1
SLP-2005,CER,TIL,1
SLP-2005,CER,TIL,9
SLP-2005,CER,TIL,1
SLP-2005,CER,TIL,2
SLP-2005,CER,TIL,1
SLP-2005,CER,TIL,1
SLP-2005,CER,TIL,1
SLP-2005,CER,TIL,1
SLP-2005,CER,TIL,1
SLP-2005,CER,TIL,1
SLP-2005,CER,TIL,1
SLP-2005,CER,TIL,1
SLP-2005,CER,TIL,1
SLP-2005,CER,TIL,1
SLP-2005,CER,TIL,1
SLP-2005,CER,TIL,1
SLP-2005,CER,TIL,1
SLP-2005,CER,TIL,1
SLP-2005,CER,TIL,2
SLP-2005,CER,TIL,2
SLP-2005,CER,TIL,2
SLP-2005,CER,TIL,1
SLP-2005,CER,TIL,2
SLP-2005,CER,TIL,1
SLP-2005,CER,TIL,2
SLP-2005,CER,TIL,2
SLP-2005,CER,TIL,2
SLP-2005,CER,TIL,1
SLP-2005,CER,TIL,1
SLP-2005,CER,TIL,2
SLP-2005,CER,TIL,6
SLP-2005,CER,TIL,1
SLP-2005,CER,TIL,1
SLP-2005,CER,TIL,1
SLP-2005,CER,TIL,3
SLP-2005,CER,TIL,2
SLP-2005,CER,TIL,1
SLP-2005,CER,TIL,1
SLP-2005,CER,TIL,1
SLP-2005,CER,TIL,2
SLP-2005,CER,TIL,1
SLP-2005,CER,TIL,3
SLP-2005,CER,TIL,1
SLP-2005,CER,TIL,2
SLP-2005,CER,TIL,1
SLP-2005,CER,TIL,1
SLP-2005,CER,TIL,1
SLP-2005,CER,TIL,1
SLP-2005,CER,TIL,1
SLP-2005,CER,TIL,1
SLP-2005,CER,TIL,1
SLP-2005,CER,TIL,1
SLP-2005,CER,TIL,3
SLP-2005,CER,TIL,1
SLP-2005,CER,TIL,1
SLP-2005,CER,TIL,1
SLP-2005,CER,TIL,1
SLP-2005,CER,TIL,1
SLP-2005,CER,TIL,1
SLP-2005,CER,TIL,1
SLP-2005,CER,TIL,1
SLP-2005,CER,TIL,3
SLP-2005,CER,TIL,3
SLP-2005,CER,TIL,5
SLP-2005,CER,TIL,2
SLP-2005,CER,TIL,1
SLP-2005,CER,TIL,1
SLP-2005,CER,TIL,1
SLP-2005,CER,TIL,4
SLP-2005,CER,TIL,3
SLP-2005,CER,TIL,3
SLP-2005,CER,TIL,3
SLP-2005,CER,TIL,13
SLP-2005,CER,TIL,2
SLP-2005,CER,TIL,10
SLP-2005,CER,TIL,2
SLP-2005,CER,TIL,25
SLP-2005,CER,TIL,6
SLP-2005,CER,TIL,1
SLP-2005,CER,TIL,1
SLP-2005,CER,TIL,1
SLP-2005,CER,TIL,1
SLP-2005,CER,TIL,2
SLP-2005,CER,TIL,1
SLP-2005,CER,TIL,1
SLP-2005,CER,TIL,5
SLP-2005,CER,TIL,3
SLP-2005,CER,TIL,3
SLP-2005,CER,TIL,23
SLP-2005,CER,TIL,5
SLP-2005,CER,TIL,2
SLP-2005,CER,TIL,7
SLP-2005,CER,TIL,1
SLP-2005,CER,TIL,3
SLP-2005,CER,TIL,6
SLP-2005,CER,TIL,3
SLP-2005,CER,TIL,5
SLP-2005,CER,TIL,1
SLP-2005,CER,TIL,2
SLP-2005,CER,TIL,14
SLP-2005,CER,TIL,20
SLP-2005,CER,TIL,14
SLP-2005,CER,TIL,12
SLP-2005,CER,TIL,3
SLP-2005,CER,TIL,3
SLP-2005,CER,TIL,4
SLP-2005,CER,TIL,3
SLP-2005,CER,TIL,1
SLP-2005,CER,TIL,3
SLP-2005,CER,TIL,72
SLP-2005,CER,TIL,4
SLP-2005,CER,TIL,1
SLP-2005,CER,TIL,3
SLP-2005,CER,TIL,4
SLP-2005,CER,TIL,1
SLP-2005,CER,TIL,1
SLP-2005,CER,TIL,1
SLP-2005,CER,TIL,6
SLP-2005,CER,TIL,7
SLP-2005,CER,TIL,5
SLP-2005,CER,TIL,2
SLP-2005,CER,TIL,4
SLP-2005,CER,TIL,1
SLP-2005,CER,TIL,2
SLP-2005,CER,TIL,1
SLP-2005,CER,TIL,1
SLP-2005,CER,TIL,1
SLP-2005,CER,TIL,4
SLP-2005,CER,TIL,2
SLP-2005,CER,TIL,2
SLP-2005,CER,TIL,1
SLP-2005,CER,TIL,2
SLP-2005,CER,TIL,6
SLP-2005,CER,TIL,3
SLP-2005,CER,TIL,11
SLP-2005,CER,TIL,2
SLP-2005,CER,TIL,1
SLP-2005,CER,TIL,1
SLP-2005,CER,TIL,1
SLP-2005,CER,TIL,1
SLP-2005,CER,TIL,7
SLP-2005,CER,TIL,1
SLP-2005,CER,TIL,6
SLP-2005,CER,TIL,14
SLP-2005,CER,TIL,7
SLP-2005,CER,TIL,3
SLP-2005,CER,TIL,9
SLP-2005,CER,TIL,5
SLP-2005,CER,TIL,14
SLP-2005,CER,TIL,7
SLP-2005,CER,TIL,10
SLP-2005,CER,TIL,5
SLP-2005,CER,TIL,2
SLP-2005,CER,TIL,9
SLP-2005,CER,TIL,5
SLP-2005,CER,TIL,4
SLP-2005,CER,TIL,1
SLP-2005,CER,TIL,1
SLP-2005,CER,TIL,1
SLP-2005,CER,TIL,1
SLP-2005,CER,TIL,2
SLP-2005,CER,TIL,1
SLP-2005,CER,TIL,3
SLP-2005,CER,TIL,2
SLP-2005,CER,TIL,1
SLP-2005,CER,TIL,4
SLP-2005,CER,TIL,1
SLP-2005,CER,TIL,1
SLP-2005,CER,TIL,1
SLP-2005,CER,TIL,1
SLP-2005,CER,UN,4
SLP-2005,CER,UN,10
SLP-2005,CER,UN,5
SLP-2005,CER,UN,1
SLP-2005,CER,UN,1
SLP-2005,CER,UN,3
SLP-2005,CER,UN,1
SLP-2005,CER,UN,1
SLP-2005,CER,UN,21
SLP-2005,CER,UN,1
SLP-2005,CER,UN,1
SLP-2005,CER,UN,3
SLP-2005,CER,UN,1
SLP-2005,CER,UN,6
SLP-2005,CER,UN,1
SLP-2005,CER,UN,1
SLP-2005,CER,UN,3
SLP-2005,CER,UN,19
SLP-2005,CER,UN,1
SLP-2005,CER,UN,2
SLP-2005,CER,UN,1
SLP-2005,CER,UN,2
SLP-2005,CER,UN,2
SLP-2005,CER,UN,1
SLP-2005,CER,UN,1
SLP-2005,CER,UN,1
SLP-2005,CER,UN,1
SLP-2005,CER,UN,1
SLP-2005,CER,UN,1
SLP-2005,CER,UN,12
SLP-2005,CER,UN,11
SLP-2005,CER,UN,4
SLP-2005,CER,UN,2
SLP-2005,CER,UN,8
SLP-2005,CER,UN,1
SLP-2005,CER,UN,2
SLP-2005,CER,UN,1
SLP-2005,CER,UN,6
SLP-2005,CER,UN,1
SLP-2005,CER,UN,1
SLP-2005,CER,UN,1
SLP-2005,CER,UN,15
SLP-2005,CER,UN,1
SLP-2005,CER,UN,2
SLP-2005,STO,UN,1
SLP-2005,CER,UN,1
SLP-2005,CER,UN,4
SLP-2005,STO,UN,1
SLP-2005,STO,UN,1
SLP-2005,STO,UN,1
SLP-2005,CER,UN,12
SLP-2005,CER,UN,2
SLP-2005,CER,UN,1
SLP-2005,CER,UN,3
SLP-2005,CER,UN,15
SLP-2005,CER,UN,2
SLP-2005,CER,UN,1
SLP-2005,CER,UN,1
SLP-2005,CER,UN,3
SLP-2005,CER,UN,1
SLP-2005,CER,UN,1
SLP-2005,CER,UN,3
SLP-2005,CER,UN,2
SLP-2005,CER,UN,6
SLP-2005,CER,UN,3
SLP-2005,CER,UN,2
SLP-2005,CER,UN,1
SLP-2005,CER,UN,1
SLP-2005,CER,UN,1
SLP-2005,CER,UN,1
SLP-2005,CER,UN,1
SLP-2005,CER,UN,8
SLP-2005,CER,UN,8
SLP-2005,CER,UN,7
SLP-2005,CER,UN,10
SLP-2005,CER,UN,5
SLP-2005,CER,UN,1
SLP-2005,CER,UN,1
SLP-2005,CER,UN,1
SLP-2005,CER,UN,1
SLP-2005,CER,UN,1
SLP-2005,CER,UN,1
SLP-2005,CER,UN,1
SLP-2005,CER,UN,1
SLP-2005,CER,UN,2
SLP-2005,CER,UN,1
SLP-2005,CER,UN,1
SLP-2005,CER,UN,1
SLP-2005,CER,UN,1
SLP-2005,CER,UN,1
SLP-2005,CER,UN,1
SLP-2005,CER,UN,1
SLP-2005,VAR,UN,1
SLP-2005,CER,UNI,1
SLP-2005,CER,UNI,3
SLP-2005,CER,UNI,1
SLP-2005,CER,UNI,1
SLP-2005,CER,UNI,6
SLP-2005,CER,UNI,2
SLP-2005,CER,UNI,3
SLP-2005,CER,UNI,20
SLP-2005,CER,UNI,12
SLP-2005,CER,UNI,14
SLP-2005,CER,UNI,15
SLP-2005,CER,UNI,6
SLP-2005,CER,UNI,1
SLP-2005,CER,UNI,2
SLP-2005,CER,UNI,6
SLP-2005,CER,UNI,1
SLP-2005,CER,UNI,1
SLP-2005,CER,UNI,7
SLP-2005,CER,UNI,11
SLP-2005,CER,UNI,20
SLP-2005,CER,UNI,7
SLP-2005,CER,UNI,8
SLP-2005,CER,UNI,31
SLP-2005,CER,UNI,3
SLP-2005,CER,UNI,4
SLP-2005,CER,UNI,8
SLP-2005,CER,UNI,30
SLP-2005,CER,UNI,12
SLP-2005,CER,UNI,6
SLP-2005,CER,UNI,1
SLP-2005,CER,UNI,4
SLP-2005,CER,UNI,120
SLP-2005,CER,UNI,55
SLP-2005,CER,UNI,29
SLP-2005,CER,UNI,43
SLP-2005,CER,UNI,3
SLP-2005,CER,UNI,2
SLP-2005,CER,UNI,1
SLP-2005,CER,UNI,1
SLP-2005,CER,UNI,1
SLP-2005,CER,UNI,1
SLP-2005,CER,UNI,2
SLP-2005,CER,UNI,2
SLP-2005,CER,UNI,1
SLP-2005,CER,UNI,1
SLP-2005,CER,UNI,1
SLP-2005,CER,UNI,1
SLP-2005,CER,UNI,1
SLP-2005,CER,UNI,1
SLP-2005,CER,UNI,2
SLP-2005,CER,UNI,2
SLP-2005,CER,UNI,1
SLP-2005,CER,UNI,1
SLP-2005,CER,UNI,13
SLP-2005,CER,UNI,2
SLP-2005,CER,UNI,1
SLP-2005,CER,UNI,3
SLP-2005,CER,UNI,2
SLP-2005,CER,UNI,1
SLP-2005,CER,UNI,3
SLP-2005,CER,UNI,2
SLP-2005,CER,UNI,58
SLP-2005,CER,UNI,22
SLP-2005,CER,UNI,18
SLP-2005,CER,UNI,14
SLP-2005,CER,UNI,9
SLP-2005,CER,UNI,8
SLP-2005,CER,UNI,4
SLP-2005,CER,UNI,4
SLP-2005,CER,UNI,5
SLP-2005,CER,UNI,2
SLP-2005,CER,UNI,3
SLP-2005,CER,UNI,1
SLP-2005,CER,UNI,3
SLP-2005,CER,UNI,3
SLP-2005,CER,UNI,7
SLP-2005,CER,UNI,20
SLP-2005,CER,UNI,1
SLP-2005,CER,UNI,5
SLP-2005,CER,UNI,4
SLP-2005,CER,UNI,10
SLP-2005,CER,UNI,15
SLP-2005,CER,UNI,5
SLP-2005,CER,UNI,10
SLP-2005,CER,UNI,3
SLP-2005,CER,UNI,69
SLP-2005,CER,UNI,27
SLP-2005,CER,UNI,63
SLP-2005,CER,UNI,21
SLP-2005,CER,UNI,7
SLP-2005,CER,UNI,7
SLP-2005,CER,UNI,32
SLP-2005,CER,UNI,20
SLP-2005,CER,UNI,20
SLP-2005,CER,UNI,6
SLP-2005,CER,UNI,2
SLP-2005,CER,UNI,11
SLP-2005,CER,UNI,2
SLP-2005,CER,UNI,9
SLP-2005,CER,UNI,14
SLP-2005,CER,UNI,5
SLP-2005,CER,UNI,3
SLP-2005,CER,UNI,11
SLP-2005,CER,UNI,7
SLP-2005,CER,UNI,2
SLP-2005,CER,UNI,3
SLP-2005,CER,UNI,16
SLP-2005,CER,UNI,3
SLP-2005,CER,UNI,4
SLP-2005,CER,UNI,7
SLP-2005,CER,UNI,3
SLP-2005,CER,UNI,4
SLP-2005,CER,UNI,1
SLP-2005,CER,UNI,3
SLP-2005,CER,UNI,2
SLP-2005,CER,UNI,9
SLP-2005,CER,UNI,8
SLP-2005,CER,UNI,2
SLP-2005,CER,UNI,2
SLP-2005,CER,UNI,2
SLP-2005,CER,UNI,3
SLP-2005,CER,UNI,11
SLP-2005,CER,UNI,10
SLP-2005,CER,UNI,4
SLP-2005,CER,UNI,12
SLP-2005,CER,UNI,5
SLP-2005,CER,UNI,7
SLP-2005,CER,UNI,1
SLP-2005,CER,UNI,4
SLP-2005,CER,UNI,2
SLP-2005,CER,UNI,8
SLP-2005,CER,UNI,10
SLP-2005,CER,UNI,2
SLP-2005,CER,UNI,16
SLP-2005,CER,UNI,11
SLP-2005,CER,UNI,1
SLP-2005,CER,UNI,22
SLP-2005,CER,UNI,35
SLP-2005,CER,UNI,8
SLP-2005,CER,UNI,6
SLP-2005,CER,UNI,11
SLP-2005,CER,UNI,10
SLP-2005,CER,UNI,10
SLP-2005,CER,UNI,6
SLP-2005,CER,UNI,4
SLP-2005,CER,UNI,7
SLP-2005,CER,UNI,6
SLP-2005,CER,UNI,5
SLP-2005,CER,UNI,5
SLP-2005,CER,UNI,11
SLP-2005,CER,UNI,11
SLP-2005,CER,UNI,4
SLP-2005,CER,UNI,3
SLP-2005,CER,UNI,2
SLP-2005,CER,UNI,3
SLP-2005,CER,UNI,15
SLP-2005,CER,UNI,4
SLP-2005,CER,UNI,16
SLP-2005,CER,UNI,5
SLP-2005,CER,UNI,4
SLP-2005,CER,UNI,5
SLP-2005,CER,UNI,1
SLP-2005,CER,UNI,3
SLP-2005,CER,UNI,2
SLP-2005,CER,UNI,4
SLP-2005,CER,UNI,17
SLP-2005,CER,UNI,90
SLP-2005,CER,UNI,27
SLP-2005,CER,UNI,41
SLP-2005,CER,UNI,7
SLP-2005,CER,UNI,8
SLP-2005,CER,UNI,15
SLP-2005,CER,UNI,30
SLP-2005,CER,UNI,4
SLP-2005,CER,UNI,2
SLP-2005,CER,UNI,6
SLP-2005,CER,UNI,12
SLP-2005,CER,UNI,14
SLP-2005,CER,UNI,3
SLP-2005,CER,UNI,39
SLP-2005,CER,UNI,2
SLP-2005,CER,UNI,20
SLP-2005,CER,UNI,3
SLP-2005,CER,UNI,4
SLP-2005,CER,UNI,5
SLP-2005,CER,UNI,21
SLP-2005,CER,UNI,63
SLP-2005,CER,UNI,4
SLP-2005,CER,UNI,3
SLP-2005,CER,UNI,1
SLP-2005,CER,UNI,3
SLP-2005,CER,UNI,1
SLP-2005,CER,UNI,1
SLP-2005,CER,UNI,2
SLP-2005,CER,UNI,2
SLP-2005,CER,UNI,3
SLP-2005,CER,UNI,1
SLP-2005,CER,UNI,3
SLP-2005,CER,UNI,2
SLP-2005,CER,UNI,4
SLP-2005,CER,UNI,1
SLP-2005,CER,UNI,2
SLP-2005,CER,UNI,1
SLP-2005,CER,UNI,4
SLP-2005,CER,UNI,10
SLP-2005,CER,UNI,2
SLP-2005,CER,UNI,2
SLP-2005,CER,UNI,4
SLP-2005,CER,UNI,1
SLP-2005,CER,UNI,1
SLP-2005,CER,UNI,2
SLP-2005,CER,UNI,3
SLP-2005,CER,UNI,4
SLP-2005,CER,UNI,2
SLP-2005,CER,UNI,2
SLP-2005,CER,UNI,10
SLP-2005,CER,UNI,1
SLP-2005,CER,UNI,1
SLP-2005,CER,UNI,1
SLP-2005,CER,UNI,1
SLP-2005,CER,UNI,4
SLP-2005,CER,UNI,3
SLP-2005,CER,UNI,2
SLP-2005,CER,UNI,6
SLP-2005,CER,UNI,3
SLP-2005,CER,UNI,1
SLP-2005,CER,UNI,1
SLP-2005,CER,UNI,11
SLP-2005,CER,UNI,5
SLP-2005,CER,UNI,24
SLP-2005,CER,UNI,4
SLP-2005,CER,UNI,9
SLP-2005,CER,UNI,2
SLP-2005,CER,UNI,14
SLP-2005,CER,UNI,6
SLP-2005,CER,UNI,8
SLP-2005,CER,UNI,1
SLP-2005,CER,UNI,3
SLP-2005,CER,UNI,4
SLP-2005,CER,UNI,5
SLP-2005,CER,UNI,11
SLP-2005,CER,UNI,8
SLP-2005,CER,UNI,7
SLP-2005,CER,UNI,2
SLP-2005,CER,UNI,2
SLP-2005,CER,UNI,4
SLP-2005,CER,UNI,19
SLP-2005,CER,UNI,14
SLP-2005,CER,UNI,33
SLP-2005,CER,UNI,4
SLP-2005,CER,UNI,33
SLP-2005,CER,UNI,4
SLP-2005,CER,UNI,50
SLP-2005,CER,UNI,15
SLP-2005,CER,UNI,62
SLP-2005,CER,UNI,18
SLP-2005,CER,UNI,17
SLP-2005,CER,UNI,18
SLP-2005,CER,UNI,6
SLP-2005,CER,UNI,21
SLP-2005,CER,UNI,12
SLP-2005,CER,UNI,32
SLP-2005,CER,UNI,10
SLP-2005,CER,UNI,10
SLP-2005,CER,UNI,4
SLP-2005,CER,UNI,7
SLP-2005,CER,UNI,6
SLP-2005,CER,UNI,5
SLP-2005,CER,UNI,24
SLP-2005,CER,UNI,3
SLP-2005,CER,UNI,1
SLP-2005,CER,UNI,2
SLP-2005,CER,UNI,22
SLP-2005,CER,UNI,41
SLP-2005,CER,UNI,2
SLP-2005,CER,UNI,14
SLP-2005,CER,UNI,16
SLP-2005,CER,UNI,3
SLP-2005,CER,UNI,2
SLP-2005,CER,UNI,11
SLP-2005,CER,UNI,16
SLP-2005,CER,UNI,17
SLP-2005,CER,UNI,2
SLP-2005,CER,UNI,3
SLP-2005,CER,UNI,5
SLP-2005,CER,UNI,10
SLP-2005,CER,UNI,1
SLP-2005,CER,UNI,15
SLP-2005,CER,UNI,1
SLP-2005,CER,UNI,3
SLP-2005,CER,UNI,4
SLP-2005,CER,UNI,8
SLP-2005,CER,UNI,1
SLP-2005,CER,UNI,2
SLP-2005,CER,UNI,22
SLP-2005,CER,UNI,4
SLP-2005,CER,UNI,7
SLP-2005,CER,UNI,11
SLP-2005,CER,UNI,7
SLP-2005,CER,UNI,5
SLP-2005,CER,UNI,5
SLP-2005,CER,UNI,17
SLP-2005,CER,UNI,18
SLP-2005,CER,UNI,19
SLP-2005,CER,UNI,9
SLP-2005,CER,UNI,2
SLP-2005,CER,UNI,2
SLP-2005,CER,UNI,5
SLP-2005,CER,UNI,12
SLP-2005,CER,UNI,8
SLP-2005,CER,UNI,3
SLP-2005,CER,UNI,8
SLP-2005,CER,UNI,2
SLP-2005,CER,UNI,7
SLP-2005,CER,UNI,1
SLP-2005,CER,UNI,5
SLP-2005,CER,UNI,3
SLP-2005,CER,UNI,20
SLP-2005,CER,UNI,13
SLP-2005,CER,UNI,25
SLP-2005,CER,UNI,38
SLP-2005,CER,UNI,30
SLP-2005,CER,UNI,8
SLP-2005,CER,UNI,3
SLP-2005,CER,UNI,15
SLP-2005,CER,UNI,17
SLP-2005,CER,UNI,107
SLP-2005,CER,UNI,33
SLP-2005,CER,UNI,27
SLP-2005,CER,UNI,7
SLP-2005,CER,UNI,7
SLP-2005,CER,UNI,2
SLP-2005,CER,UNI,34
SLP-2005,CER,UNI,24
SLP-2005,CER,UNI,3
SLP-2005,CER,UNI,38
SLP-2005,CER,UNI,21
SLP-2005,CER,UNI,4
SLP-2005,CER,UNI,60
SLP-2005,CER,UNI,52
SLP-2005,CER,UNI,7
SLP-2005,CER,UNI,21
SLP-2005,CER,UNI,20
SLP-2005,CER,UNI,25
SLP-2005,CER,UNI,11
SLP-2005,CER,UNI,15
SLP-2005,CER,UNI,33
SLP-2005,CER,UNI,13
SLP-2005,CER,UNI,14
SLP-2005,CER,UNI,2
SLP-2005,CER,UNI,7
SLP-2005,CER,UNI,34
SLP-2005,CER,UNI,1
SLP-2005,CER,UNI,1
SLP-2005,CER,UNI,9
SLP-2005,CER,UNI,5
SLP-2005,CER,UNI,2
SLP-2005,CER,UNI,1
SLP-2005,CER,UNI,8
SLP-2005,CER,UNI,3
SLP-2005,CER,UNI,1
SLP-2005,CER,UNI,50
SLP-2005,CER,UNI,12
SLP-2005,CER,UNI,7
SLP-2005,CER,UNI,10
SLP-2005,CER,UNI,9
SLP-2005,CER,UNI,10
SLP-2005,CER,UNI,1
SLP-2005,CER,UNI,30
SLP-2005,CER,UNI,7
SLP-2005,CER,UNI,18
SLP-2005,CER,UNI,1
SLP-2005,CER,UNI,1
SLP-2005,CER,UNI,3
SLP-2005,CER,UNI,1
SLP-2005,CER,UNI,2
SLP-2005,CER,UNI,7
SLP-2005,CER,UNI,19
SLP-2005,CER,UNI,29
SLP-2005,CER,UNI,6
SLP-2005,CER,UNI,6
SLP-2005,CER,UNI,1
SLP-2005,CER,UNI,8
SLP-2005,CER,UNI,1
SLP-2005,CER,UNI,1
SLP-2005,CER,UNI,1
SLP-2005,CER,UNI,12
SLP-2005,CER,UNI,2
SLP-2005,CER,UNI,8
SLP-2005,CER,UNI,5
SLP-2005,CER,UNI,5
SLP-2005,CER,UNI,11
SLP-2005,CER,UNI,7
SLP-2005,CER,UNI,9
SLP-2005,VAR,UNI,3
SLP-2005,CER,UNI,1
SLP-2005,CER,UNI,1
SLP-2005,CER,UNI,2
SLP-2005,CER,UNI,13
SLP-2005,CER,UNI,5
SLP-2005,CER,UNI,7
SLP-2005,CER,UNI,70
SLP-2005,CER,UNI,5
SLP-2005,CER,UNI,1
SLP-2005,CER,UNI,2
SLP-2005,CER,UNI,8
SLP-2005,CER,UNI,7
SLP-2005,CER,UNI,12
SLP-2005,CER,UNI,13
SLP-2005,CER,UNI,2
SLP-2005,CER,UNI,1
SLP-2005,CER,UNI,2
SLP-2005,CER,UNI,4
SLP-2005,CER,UNI,5
SLP-2005,CER,UNI,3
SLP-2005,CER,UNI,5
SLP-2005,CER,UNI,1
SLP-2005,CER,UNI,1
SLP-2005,CER,UNI,1
SLP-2005,CER,UNI,3
SLP-2005,CER,UNI,3
SLP-2005,CER,UNI,2
SLP-2005,CER,UNI,1
SLP-2005,CER,UNI,23
SLP-2005,CER,UNI,12
SLP-2005,CER,UNI,5
SLP-2005,CER,UNI,35
SLP-2005,CER,UNI,4
SLP-2005,CER,UNI,15
SLP-2005,CER,UNI,3
SLP-2005,CER,UNI,7
SLP-2005,CER,UNI,17
SLP-2005,CER,UNI,3
SLP-2005,CER,UNI,3
SLP-2005,CER,UNI,7
SLP-2005,CER,UNI,5
SLP-2005,CER,UNI,11
SLP-2005,CER,UNI,5
SLP-2005,CER,UNI,8
SLP-2005,CER,UNI,31
SLP-2005,CER,UNI,2
SLP-2005,CER,UNI,4
SLP-2005,CER,UNI,3
SLP-2005,CER,UNI,2
SLP-2005,CER,UNI,3
SLP-2005,CER,UNI,3
SLP-2005,CER,UNI,9
SLP-2005,CER,UNI,4
SLP-2005,CER,UNI,3
SLP-2005,CER,UNI,8
SLP-2005,CER,UNI,26
SLP-2005,CER,UNI,12
SLP-2005,CER,UNI,20
SLP-2005,CER,UNI,28
SLP-2005,CER,UNI,17
SLP-2005,CER,UNI,4
SLP-2005,CER,UNI,39
SLP-2005,CER,UNI,15
SLP-2005,CER,UNI,19
SLP-2005,CER,UNI,8
SLP-2005,CER,UNI,32
SLP-2005,CER,UNI,2
SLP-2005,CER,UNI,7
SLP-2005,CER,UNI,4
SLP-2005,CER,UNI,2
SLP-2005,CER,UNI,3
SLP-2005,CER,UNI,2
SLP-2005,CER,UNI,8
SLP-2005,CER,UNI,2
SLP-2005,CER,UNI,22
SLP-2005,CER,UNI,20
SLP-2005,CER,UNI,7
SLP-2005,CER,UNI,1
SLP-2005,CER,UNI,3
SLP-2005,CER,UNI,12
SLP-2005,CER,UNI,3
SLP-2005,CER,UNI,11
SLP-2005,CER,UNI,8
SLP-2005,CER,UNI,1
SLP-2005,CER,UNI,2
SLP-2005,CER,VAR,1
SLP-2005,STO,-0,1
SLP-2005,VAR,-0,1
